Index,Especie
0,Perro
1,Perro
2,Perro
3,Perro
4,Perro
5,Perro
6,Perro
7,Perro
8,Perro
9,Perro
10,Perro
11,Perro
12,Perro
13,Perro
14,Perro
15,Perro
16,Perro
17,Perro
18,Perro
19,Perro
20,Perro
21,Perro
22,Perro
23,Perro
24,Perro
25,Perro
26,Perro
27,Perro
28,Perro
29,Perro
30,Perro
31,Perro
32,Perro
33,Perro
34,Perro
35,Perro
36,Perro
37,Perro
38,Perro
39,Perro
40,Perro
41,Perro
42,Perro
43,Perro
44,Perro
45,Perro
46,Perro
47,Perro
48,Perro
49,Perro
50,Perro
51,Perro
52,Perro
53,Perro
54,Perro
55,Perro
56,Perro
57,Perro
58,Perro
59,Perro
60,Perro
61,Perro
62,Perro
63,Perro
64,Perro
65,Perro
66,Perro
67,Perro
68,Perro
69,Perro
70,Perro
71,Perro
72,Perro
73,Perro
74,Perro
75,Perro
76,Perro
77,Perro
78,Perro
79,Perro
80,Perro
81,Perro
82,Perro
83,Perro
84,Perro
85,Perro
86,Perro
87,Perro
88,Perro
89,Perro
90,Perro
91,Perro
92,Perro
93,Perro
94,Perro
95,Perro
96,Perro
97,Perro
98,Perro
99,Perro
100,Perro
101,Perro
102,Perro
103,Perro
104,Perro
105,Perro
106,Perro
107,Perro
108,Perro
109,Perro
110,Perro
111,Perro
112,Perro
113,Perro
114,Perro
115,Perro
116,Perro
117,Perro
118,Perro
119,Perro
120,Perro
121,Perro
122,Perro
123,Perro
124,Perro
125,Perro
126,Perro
127,Perro
128,Perro
129,Perro
130,Perro
131,Perro
132,Perro
133,Perro
134,Perro
135,Perro
136,Perro
137,Perro
138,Perro
139,Perro
140,Perro
141,Perro
142,Perro
143,Perro
144,Perro
145,Perro
146,Perro
147,Perro
148,Perro
149,Perro
150,Perro
151,Perro
152,Perro
153,Perro
154,Perro
155,Perro
156,Perro
157,Perro
158,Perro
159,Perro
160,Perro
161,Perro
162,Perro
163,Perro
164,Perro
165,Perro
166,Perro
167,Perro
168,Perro
169,Perro
170,Perro
171,Perro
172,Perro
173,Perro
174,Perro
175,Perro
176,Perro
177,Perro
178,Perro
179,Perro
180,Perro
181,Perro
182,Perro
183,Perro
184,Perro
185,Perro
186,Perro
187,Perro
188,Perro
189,Perro
190,Perro
191,Perro
192,Perro
193,Perro
194,Perro
195,Perro
196,Perro
197,Perro
198,Perro
199,Perro
200,Perro
201,Perro
202,Perro
203,Perro
204,Perro
205,Perro
206,Perro
207,Perro
208,Perro
209,Perro
210,Perro
211,Perro
212,Perro
213,Perro
214,Perro
215,Perro
216,Perro
217,Perro
218,Perro
219,Perro
220,Perro
221,Perro
222,Perro
223,Perro
224,Perro
225,Perro
226,Perro
227,Perro
228,Perro
229,Perro
230,Perro
231,Perro
232,Perro
233,Perro
234,Perro
235,Perro
236,Perro
237,Perro
238,Perro
239,Perro
240,Perro
241,Perro
242,Perro
243,Perro
244,Perro
245,Perro
246,Perro
247,Perro
248,Perro
249,Perro
250,Perro
251,Perro
252,Perro
253,Perro
254,Perro
255,Perro
256,Perro
257,Perro
258,Perro
259,Perro
260,Perro
261,Perro
262,Perro
263,Perro
264,Perro
265,Perro
266,Perro
267,Perro
268,Perro
269,Perro
270,Perro
271,Perro
272,Perro
273,Perro
274,Perro
275,Perro
276,Perro
277,Perro
278,Perro
279,Perro
280,Perro
281,Perro
282,Perro
283,Perro
284,Perro
285,Perro
286,Perro
287,Perro
288,Perro
289,Perro
290,Perro
291,Perro
292,Perro
293,Perro
294,Perro
295,Perro
296,Perro
297,Perro
298,Perro
299,Perro
300,Perro
301,Perro
302,Perro
303,Perro
304,Perro
305,Perro
306,Perro
307,Perro
308,Perro
309,Perro
310,Perro
311,Perro
312,Perro
313,Perro
314,Perro
315,Perro
316,Perro
317,Perro
318,Perro
319,Perro
320,Perro
321,Perro
322,Perro
323,Perro
324,Perro
325,Perro
326,Perro
327,Perro
328,Perro
329,Perro
330,Perro
331,Perro
332,Perro
333,Perro
334,Perro
335,Perro
336,Perro
337,Perro
338,Perro
339,Perro
340,Perro
341,Perro
342,Perro
343,Perro
344,Perro
345,Perro
346,Perro
347,Perro
348,Perro
349,Perro
350,Perro
351,Perro
352,Perro
353,Perro
354,Perro
355,Perro
356,Perro
357,Perro
358,Perro
359,Perro
360,Perro
361,Perro
362,Perro
363,Perro
364,Perro
365,Perro
366,Perro
367,Perro
368,Perro
369,Perro
370,Perro
371,Perro
372,Perro
373,Perro
374,Perro
375,Perro
376,Perro
377,Perro
378,Perro
379,Perro
380,Perro
381,Perro
382,Perro
383,Perro
384,Perro
385,Perro
386,Perro
387,Perro
388,Perro
389,Perro
390,Perro
391,Perro
392,Perro
393,Perro
394,Perro
395,Perro
396,Perro
397,Perro
398,Perro
399,Perro
400,Perro
401,Perro
402,Perro
403,Perro
404,Perro
405,Perro
406,Perro
407,Perro
408,Perro
409,Perro
410,Perro
411,Perro
412,Perro
413,Perro
414,Perro
415,Perro
416,Perro
417,Perro
418,Perro
419,Perro
420,Perro
421,Perro
422,Perro
423,Perro
424,Perro
425,Perro
426,Perro
427,Perro
428,Perro
429,Perro
430,Perro
431,Perro
432,Perro
433,Perro
434,Perro
435,Perro
436,Perro
437,Perro
438,Perro
439,Perro
440,Perro
441,Perro
442,Perro
443,Perro
444,Perro
445,Perro
446,Perro
447,Perro
448,Perro
449,Perro
450,Perro
451,Perro
452,Perro
453,Perro
454,Perro
455,Perro
456,Perro
457,Perro
458,Perro
459,Perro
460,Perro
461,Perro
462,Perro
463,Perro
464,Perro
465,Perro
466,Perro
467,Perro
468,Perro
469,Perro
470,Perro
471,Perro
472,Perro
473,Perro
474,Perro
475,Perro
476,Perro
477,Perro
478,Perro
479,Perro
480,Perro
481,Perro
482,Perro
483,Perro
484,Perro
485,Perro
486,Perro
487,Perro
488,Perro
489,Perro
490,Perro
491,Perro
492,Perro
493,Perro
494,Perro
495,Perro
496,Perro
497,Perro
498,Perro
499,Perro
500,Perro
501,Perro
502,Perro
503,Perro
504,Perro
505,Perro
506,Perro
507,Perro
508,Perro
509,Perro
510,Perro
511,Perro
512,Perro
513,Perro
514,Perro
515,Perro
516,Perro
517,Perro
518,Perro
519,Perro
520,Perro
521,Perro
522,Perro
523,Perro
524,Perro
525,Perro
526,Perro
527,Perro
528,Perro
529,Perro
530,Perro
531,Perro
532,Perro
533,Perro
534,Perro
535,Perro
536,Perro
537,Perro
538,Perro
539,Perro
540,Perro
541,Perro
542,Perro
543,Perro
544,Perro
545,Perro
546,Perro
547,Perro
548,Perro
549,Perro
550,Perro
551,Perro
552,Perro
553,Perro
554,Perro
555,Perro
556,Perro
557,Perro
558,Perro
559,Perro
560,Perro
561,Perro
562,Perro
563,Perro
564,Perro
565,Perro
566,Perro
567,Perro
568,Perro
569,Perro
570,Perro
571,Perro
572,Perro
573,Perro
574,Perro
575,Perro
576,Perro
577,Perro
578,Perro
579,Perro
580,Perro
581,Perro
582,Perro
583,Perro
584,Perro
585,Perro
586,Perro
587,Perro
588,Perro
589,Perro
590,Perro
591,Perro
592,Perro
593,Perro
594,Perro
595,Perro
596,Perro
597,Perro
598,Perro
599,Perro
600,Perro
601,Perro
602,Perro
603,Perro
604,Perro
605,Perro
606,Perro
607,Perro
608,Perro
609,Perro
610,Perro
611,Perro
612,Perro
613,Perro
614,Perro
615,Perro
616,Perro
617,Perro
618,Perro
619,Perro
620,Perro
621,Perro
622,Perro
623,Perro
624,Perro
625,Perro
626,Perro
627,Perro
628,Perro
629,Perro
630,Perro
631,Perro
632,Perro
633,Perro
634,Perro
635,Perro
636,Perro
637,Perro
638,Perro
639,Perro
640,Perro
641,Perro
642,Perro
643,Perro
644,Perro
645,Perro
646,Perro
647,Perro
648,Perro
649,Perro
650,Perro
651,Perro
652,Perro
653,Perro
654,Perro
655,Perro
656,Perro
657,Perro
658,Perro
659,Perro
660,Perro
661,Perro
662,Perro
663,Perro
664,Perro
665,Perro
666,Perro
667,Perro
668,Perro
669,Perro
670,Perro
671,Perro
672,Perro
673,Perro
674,Perro
675,Perro
676,Perro
677,Perro
678,Perro
679,Perro
680,Perro
681,Perro
682,Perro
683,Perro
684,Perro
685,Perro
686,Perro
687,Perro
688,Perro
689,Perro
690,Perro
691,Perro
692,Perro
693,Perro
694,Perro
695,Perro
696,Perro
697,Perro
698,Perro
699,Perro
700,Perro
701,Perro
702,Perro
703,Perro
704,Perro
705,Perro
706,Perro
707,Perro
708,Perro
709,Perro
710,Perro
711,Perro
712,Perro
713,Perro
714,Perro
715,Perro
716,Perro
717,Perro
718,Perro
719,Perro
720,Perro
721,Perro
722,Perro
723,Perro
724,Perro
725,Perro
726,Perro
727,Perro
728,Perro
729,Perro
730,Perro
731,Perro
732,Perro
733,Perro
734,Perro
735,Perro
736,Perro
737,Perro
738,Perro
739,Perro
740,Perro
741,Perro
742,Perro
743,Perro
744,Perro
745,Perro
746,Perro
747,Perro
748,Perro
749,Perro
750,Perro
751,Perro
752,Perro
753,Perro
754,Perro
755,Perro
756,Perro
757,Perro
758,Perro
759,Perro
760,Perro
761,Perro
762,Perro
763,Perro
764,Perro
765,Perro
766,Perro
767,Perro
768,Perro
769,Perro
770,Perro
771,Perro
772,Perro
773,Perro
774,Perro
775,Perro
776,Perro
777,Perro
778,Perro
779,Perro
780,Perro
781,Perro
782,Perro
783,Perro
784,Perro
785,Perro
786,Perro
787,Perro
788,Perro
789,Perro
790,Perro
791,Perro
792,Perro
793,Perro
794,Perro
795,Perro
796,Perro
797,Perro
798,Perro
799,Perro
800,Perro
801,Perro
802,Perro
803,Perro
804,Perro
805,Perro
806,Perro
807,Perro
808,Perro
809,Perro
810,Perro
811,Perro
812,Perro
813,Perro
814,Perro
815,Perro
816,Perro
817,Perro
818,Perro
819,Perro
820,Perro
821,Perro
822,Perro
823,Perro
824,Perro
825,Perro
826,Perro
827,Perro
828,Perro
829,Perro
830,Perro
831,Perro
832,Perro
833,Perro
834,Perro
835,Perro
836,Perro
837,Perro
838,Perro
839,Perro
840,Perro
841,Perro
842,Perro
843,Perro
844,Perro
845,Perro
846,Perro
847,Perro
848,Perro
849,Perro
850,Perro
851,Perro
852,Perro
853,Perro
854,Perro
855,Perro
856,Perro
857,Perro
858,Perro
859,Perro
860,Perro
861,Perro
862,Perro
863,Perro
864,Perro
865,Perro
866,Perro
867,Perro
868,Perro
869,Perro
870,Perro
871,Perro
872,Perro
873,Perro
874,Perro
875,Perro
876,Perro
877,Perro
878,Perro
879,Perro
880,Perro
881,Perro
882,Perro
883,Perro
884,Perro
885,Perro
886,Perro
887,Perro
888,Perro
889,Perro
890,Perro
891,Perro
892,Perro
893,Perro
894,Perro
895,Perro
896,Perro
897,Perro
898,Perro
899,Perro
900,Perro
901,Perro
902,Perro
903,Perro
904,Perro
905,Perro
906,Perro
907,Perro
908,Perro
909,Perro
910,Perro
911,Perro
912,Perro
913,Perro
914,Perro
915,Perro
916,Perro
917,Perro
918,Perro
919,Perro
920,Perro
921,Perro
922,Perro
923,Perro
924,Perro
925,Perro
926,Perro
927,Perro
928,Perro
929,Perro
930,Perro
931,Perro
932,Perro
933,Perro
934,Perro
935,Perro
936,Perro
937,Perro
938,Perro
939,Perro
940,Perro
941,Perro
942,Perro
943,Perro
944,Perro
945,Perro
946,Perro
947,Perro
948,Perro
949,Perro
950,Perro
951,Perro
952,Perro
953,Perro
954,Perro
955,Perro
956,Perro
957,Perro
958,Perro
959,Perro
960,Perro
961,Perro
962,Perro
963,Perro
964,Perro
965,Perro
966,Perro
967,Perro
968,Perro
969,Perro
970,Perro
971,Perro
972,Perro
973,Perro
974,Perro
975,Perro
976,Perro
977,Perro
978,Perro
979,Perro
980,Perro
981,Perro
982,Perro
983,Perro
984,Perro
985,Perro
986,Perro
987,Perro
988,Perro
989,Perro
990,Perro
991,Perro
992,Perro
993,Perro
994,Perro
995,Perro
996,Perro
997,Perro
998,Perro
999,Perro
1000,Perro
1001,Perro
1002,Perro
1003,Perro
1004,Perro
1005,Perro
1006,Perro
1007,Perro
1008,Perro
1009,Perro
1010,Perro
1011,Perro
1012,Perro
1013,Perro
1014,Perro
1015,Perro
1016,Perro
1017,Perro
1018,Perro
1019,Perro
1020,Perro
1021,Perro
1022,Perro
1023,Perro
1024,Perro
1025,Perro
1026,Perro
1027,Perro
1028,Perro
1029,Perro
1030,Perro
1031,Perro
1032,Perro
1033,Perro
1034,Perro
1035,Perro
1036,Perro
1037,Perro
1038,Perro
1039,Perro
1040,Perro
1041,Perro
1042,Perro
1043,Perro
1044,Perro
1045,Perro
1046,Perro
1047,Perro
1048,Perro
1049,Perro
1050,Perro
1051,Perro
1052,Perro
1053,Perro
1054,Perro
1055,Perro
1056,Perro
1057,Perro
1058,Perro
1059,Perro
1060,Perro
1061,Perro
1062,Perro
1063,Perro
1064,Perro
1065,Perro
1066,Perro
1067,Perro
1068,Perro
1069,Perro
1070,Perro
1071,Perro
1072,Perro
1073,Perro
1074,Perro
1075,Perro
1076,Perro
1077,Perro
1078,Perro
1079,Perro
1080,Perro
1081,Perro
1082,Perro
1083,Perro
1084,Perro
1085,Perro
1086,Perro
1087,Perro
1088,Perro
1089,Perro
1090,Perro
1091,Perro
1092,Perro
1093,Perro
1094,Perro
1095,Perro
1096,Perro
1097,Perro
1098,Perro
1099,Perro
1100,Perro
1101,Perro
1102,Perro
1103,Perro
1104,Perro
1105,Perro
1106,Perro
1107,Perro
1108,Perro
1109,Perro
1110,Perro
1111,Perro
1112,Perro
1113,Perro
1114,Perro
1115,Perro
1116,Perro
1117,Perro
1118,Perro
1119,Perro
1120,Perro
1121,Perro
1122,Perro
1123,Perro
1124,Perro
1125,Perro
1126,Perro
1127,Perro
1128,Perro
1129,Perro
1130,Perro
1131,Perro
1132,Perro
1133,Perro
1134,Perro
1135,Perro
1136,Perro
1137,Perro
1138,Perro
1139,Perro
1140,Perro
1141,Perro
1142,Perro
1143,Perro
1144,Perro
1145,Perro
1146,Perro
1147,Perro
1148,Perro
1149,Perro
1150,Perro
1151,Perro
1152,Perro
1153,Perro
1154,Perro
1155,Perro
1156,Perro
1157,Perro
1158,Perro
1159,Perro
1160,Perro
1161,Perro
1162,Perro
1163,Perro
1164,Perro
1165,Perro
1166,Perro
1167,Perro
1168,Perro
1169,Perro
1170,Perro
1171,Perro
1172,Perro
1173,Perro
1174,Perro
1175,Perro
1176,Perro
1177,Perro
1178,Perro
1179,Perro
1180,Perro
1181,Perro
1182,Perro
1183,Perro
1184,Perro
1185,Perro
1186,Perro
1187,Perro
1188,Perro
1189,Perro
1190,Perro
1191,Perro
1192,Perro
1193,Perro
1194,Perro
1195,Perro
1196,Perro
1197,Perro
1198,Perro
1199,Perro
1200,Perro
1201,Perro
1202,Perro
1203,Perro
1204,Perro
1205,Perro
1206,Perro
1207,Perro
1208,Perro
1209,Perro
1210,Perro
1211,Perro
1212,Perro
1213,Perro
1214,Perro
1215,Perro
1216,Perro
1217,Perro
1218,Perro
1219,Perro
1220,Perro
1221,Perro
1222,Perro
1223,Perro
1224,Perro
1225,Perro
1226,Perro
1227,Perro
1228,Perro
1229,Perro
1230,Perro
1231,Perro
1232,Perro
1233,Perro
1234,Perro
1235,Perro
1236,Perro
1237,Perro
1238,Perro
1239,Perro
1240,Perro
1241,Perro
1242,Perro
1243,Perro
1244,Perro
1245,Perro
1246,Perro
1247,Perro
1248,Perro
1249,Perro
1250,Perro
1251,Perro
1252,Perro
1253,Perro
1254,Perro
1255,Perro
1256,Perro
1257,Perro
1258,Perro
1259,Perro
1260,Perro
1261,Perro
1262,Perro
1263,Perro
1264,Perro
1265,Perro
1266,Perro
1267,Perro
1268,Perro
1269,Perro
1270,Perro
1271,Perro
1272,Perro
1273,Perro
1274,Perro
1275,Perro
1276,Perro
1277,Perro
1278,Perro
1279,Perro
1280,Perro
1281,Perro
1282,Perro
1283,Perro
1284,Perro
1285,Perro
1286,Perro
1287,Perro
1288,Perro
1289,Perro
1290,Perro
1291,Perro
1292,Perro
1293,Perro
1294,Perro
1295,Perro
1296,Perro
1297,Perro
1298,Perro
1299,Perro
1300,Perro
1301,Perro
1302,Perro
1303,Perro
1304,Perro
1305,Perro
1306,Perro
1307,Perro
1308,Perro
1309,Perro
1310,Perro
1311,Perro
1312,Perro
1313,Perro
1314,Perro
1315,Perro
1316,Perro
1317,Perro
1318,Perro
1319,Perro
1320,Perro
1321,Perro
1322,Perro
1323,Perro
1324,Perro
1325,Perro
1326,Perro
1327,Perro
1328,Perro
1329,Perro
1330,Perro
1331,Perro
1332,Perro
1333,Perro
1334,Perro
1335,Perro
1336,Perro
1337,Perro
1338,Perro
1339,Perro
1340,Perro
1341,Perro
1342,Perro
1343,Perro
1344,Perro
1345,Perro
1346,Perro
1347,Perro
1348,Perro
1349,Perro
1350,Perro
1351,Perro
1352,Perro
1353,Perro
1354,Perro
1355,Perro
1356,Perro
1357,Perro
1358,Perro
1359,Perro
1360,Perro
1361,Perro
1362,Perro
1363,Perro
1364,Perro
1365,Perro
1366,Perro
1367,Perro
1368,Perro
1369,Perro
1370,Perro
1371,Perro
1372,Perro
1373,Perro
1374,Perro
1375,Perro
1376,Perro
1377,Perro
1378,Perro
1379,Perro
1380,Perro
1381,Perro
1382,Perro
1383,Perro
1384,Perro
1385,Perro
1386,Perro
1387,Perro
1388,Perro
1389,Perro
1390,Perro
1391,Perro
1392,Perro
1393,Perro
1394,Perro
1395,Perro
1396,Perro
1397,Perro
1398,Perro
1399,Perro
1400,Perro
1401,Perro
1402,Perro
1403,Perro
1404,Perro
1405,Perro
1406,Perro
1407,Perro
1408,Perro
1409,Perro
1410,Perro
1411,Perro
1412,Perro
1413,Perro
1414,Perro
1415,Perro
1416,Perro
1417,Perro
1418,Perro
1419,Perro
1420,Perro
1421,Perro
1422,Perro
1423,Perro
1424,Perro
1425,Perro
1426,Perro
1427,Perro
1428,Perro
1429,Perro
1430,Perro
1431,Perro
1432,Perro
1433,Perro
1434,Perro
1435,Perro
1436,Perro
1437,Perro
1438,Perro
1439,Perro
1440,Perro
1441,Perro
1442,Perro
1443,Perro
1444,Perro
1445,Perro
1446,Perro
1447,Perro
1448,Perro
1449,Perro
1450,Perro
1451,Perro
1452,Perro
1453,Perro
1454,Perro
1455,Perro
1456,Perro
1457,Perro
1458,Perro
1459,Perro
1460,Perro
1461,Perro
1462,Perro
1463,Perro
1464,Perro
1465,Perro
1466,Perro
1467,Perro
1468,Perro
1469,Perro
1470,Perro
1471,Perro
1472,Perro
1473,Perro
1474,Perro
1475,Perro
1476,Perro
1477,Perro
1478,Perro
1479,Perro
1480,Perro
1481,Perro
1482,Perro
1483,Perro
1484,Perro
1485,Perro
1486,Perro
1487,Perro
1488,Perro
1489,Perro
1490,Perro
1491,Perro
1492,Perro
1493,Perro
1494,Perro
1495,Perro
1496,Perro
1497,Perro
1498,Perro
1499,Perro
1500,Perro
1501,Perro
1502,Perro
1503,Perro
1504,Perro
1505,Perro
1506,Perro
1507,Perro
1508,Perro
1509,Perro
1510,Perro
1511,Perro
1512,Perro
1513,Perro
1514,Perro
1515,Perro
1516,Perro
1517,Perro
1518,Perro
1519,Perro
1520,Perro
1521,Perro
1522,Perro
1523,Perro
1524,Perro
1525,Perro
1526,Perro
1527,Perro
1528,Perro
1529,Perro
1530,Perro
1531,Perro
1532,Perro
1533,Perro
1534,Perro
1535,Perro
1536,Perro
1537,Perro
1538,Perro
1539,Perro
1540,Perro
1541,Perro
1542,Perro
1543,Perro
1544,Perro
1545,Perro
1546,Perro
1547,Perro
1548,Perro
1549,Perro
1550,Perro
1551,Perro
1552,Perro
1553,Perro
1554,Perro
1555,Perro
1556,Perro
1557,Perro
1558,Perro
1559,Perro
1560,Perro
1561,Perro
1562,Perro
1563,Perro
1564,Perro
1565,Perro
1566,Perro
1567,Perro
1568,Perro
1569,Perro
1570,Perro
1571,Perro
1572,Perro
1573,Perro
1574,Perro
1575,Perro
1576,Perro
1577,Perro
1578,Perro
1579,Perro
1580,Perro
1581,Perro
1582,Perro
1583,Perro
1584,Perro
1585,Perro
1586,Perro
1587,Perro
1588,Perro
1589,Perro
1590,Perro
1591,Perro
1592,Perro
1593,Perro
1594,Perro
1595,Perro
1596,Perro
1597,Perro
1598,Perro
1599,Perro
1600,Perro
1601,Perro
1602,Perro
1603,Perro
1604,Perro
1605,Perro
1606,Perro
1607,Perro
1608,Perro
1609,Perro
1610,Perro
1611,Perro
1612,Perro
1613,Perro
1614,Perro
1615,Perro
1616,Perro
1617,Perro
1618,Perro
1619,Perro
1620,Perro
1621,Perro
1622,Perro
1623,Perro
1624,Perro
1625,Perro
1626,Perro
1627,Perro
1628,Perro
1629,Perro
1630,Perro
1631,Perro
1632,Perro
1633,Perro
1634,Perro
1635,Perro
1636,Perro
1637,Perro
1638,Perro
1639,Perro
1640,Perro
1641,Perro
1642,Perro
1643,Perro
1644,Perro
1645,Perro
1646,Perro
1647,Perro
1648,Perro
1649,Perro
1650,Perro
1651,Perro
1652,Perro
1653,Perro
1654,Perro
1655,Perro
1656,Perro
1657,Perro
1658,Perro
1659,Perro
1660,Perro
1661,Perro
1662,Perro
1663,Perro
1664,Perro
1665,Perro
1666,Perro
1667,Perro
1668,Perro
1669,Perro
1670,Perro
1671,Perro
1672,Perro
1673,Perro
1674,Perro
1675,Perro
1676,Perro
1677,Perro
1678,Perro
1679,Perro
1680,Perro
1681,Perro
1682,Perro
1683,Perro
1684,Perro
1685,Perro
1686,Perro
1687,Perro
1688,Perro
1689,Perro
1690,Perro
1691,Perro
1692,Perro
1693,Perro
1694,Perro
1695,Perro
1696,Perro
1697,Perro
1698,Perro
1699,Perro
1700,Perro
1701,Perro
1702,Perro
1703,Perro
1704,Perro
1705,Perro
1706,Perro
1707,Perro
1708,Perro
1709,Perro
1710,Perro
1711,Perro
1712,Perro
1713,Perro
1714,Perro
1715,Perro
1716,Perro
1717,Perro
1718,Perro
1719,Perro
1720,Perro
1721,Perro
1722,Perro
1723,Perro
1724,Perro
1725,Perro
1726,Perro
1727,Perro
1728,Perro
1729,Perro
1730,Perro
1731,Perro
1732,Perro
1733,Perro
1734,Perro
1735,Perro
1736,Perro
1737,Perro
1738,Perro
1739,Perro
1740,Perro
1741,Perro
1742,Perro
1743,Perro
1744,Perro
1745,Perro
1746,Perro
1747,Perro
1748,Perro
1749,Perro
1750,Perro
1751,Perro
1752,Perro
1753,Perro
1754,Perro
1755,Perro
1756,Perro
1757,Perro
1758,Perro
1759,Perro
1760,Perro
1761,Perro
1762,Perro
1763,Perro
1764,Perro
1765,Perro
1766,Perro
1767,Perro
1768,Perro
1769,Perro
1770,Perro
1771,Perro
1772,Perro
1773,Perro
1774,Perro
1775,Perro
1776,Perro
1777,Perro
1778,Perro
1779,Perro
1780,Perro
1781,Perro
1782,Perro
1783,Perro
1784,Perro
1785,Perro
1786,Perro
1787,Perro
1788,Perro
1789,Perro
1790,Perro
1791,Perro
1792,Perro
1793,Perro
1794,Perro
1795,Perro
1796,Perro
1797,Perro
1798,Perro
1799,Perro
1800,Perro
1801,Perro
1802,Perro
1803,Perro
1804,Perro
1805,Perro
1806,Perro
1807,Perro
1808,Perro
1809,Perro
1810,Perro
1811,Perro
1812,Perro
1813,Perro
1814,Perro
1815,Perro
1816,Perro
1817,Perro
1818,Perro
1819,Perro
1820,Perro
1821,Perro
1822,Perro
1823,Perro
1824,Perro
1825,Perro
1826,Perro
1827,Perro
1828,Perro
1829,Perro
1830,Perro
1831,Perro
1832,Perro
1833,Perro
1834,Perro
1835,Perro
1836,Perro
1837,Perro
1838,Perro
1839,Perro
1840,Perro
1841,Perro
1842,Perro
1843,Perro
1844,Perro
1845,Perro
1846,Perro
1847,Perro
1848,Perro
1849,Perro
1850,Perro
1851,Perro
1852,Perro
1853,Perro
1854,Perro
1855,Perro
1856,Perro
1857,Perro
1858,Perro
1859,Perro
1860,Perro
1861,Perro
1862,Perro
1863,Perro
1864,Perro
1865,Perro
1866,Perro
1867,Perro
1868,Perro
1869,Perro
1870,Perro
1871,Perro
1872,Perro
1873,Perro
1874,Perro
1875,Perro
1876,Perro
1877,Perro
1878,Perro
1879,Perro
1880,Perro
1881,Perro
1882,Perro
1883,Perro
1884,Perro
1885,Perro
1886,Perro
1887,Perro
1888,Perro
1889,Perro
1890,Perro
1891,Perro
1892,Perro
1893,Perro
1894,Perro
1895,Perro
1896,Perro
1897,Perro
1898,Perro
1899,Perro
1900,Perro
1901,Perro
1902,Perro
1903,Perro
1904,Perro
1905,Perro
1906,Perro
1907,Perro
1908,Perro
1909,Perro
1910,Perro
1911,Perro
1912,Perro
1913,Perro
1914,Perro
1915,Perro
1916,Perro
1917,Perro
1918,Perro
1919,Perro
1920,Perro
1921,Perro
1922,Perro
1923,Perro
1924,Perro
1925,Perro
1926,Perro
1927,Perro
1928,Perro
1929,Perro
1930,Perro
1931,Perro
1932,Perro
1933,Perro
1934,Perro
1935,Perro
1936,Perro
1937,Perro
1938,Perro
1939,Perro
1940,Perro
1941,Perro
1942,Perro
1943,Perro
1944,Perro
1945,Perro
1946,Perro
1947,Perro
1948,Perro
1949,Perro
1950,Perro
1951,Perro
1952,Perro
1953,Perro
1954,Perro
1955,Perro
1956,Perro
1957,Perro
1958,Perro
1959,Perro
1960,Perro
1961,Perro
1962,Perro
1963,Perro
1964,Perro
1965,Perro
1966,Perro
1967,Perro
1968,Perro
1969,Perro
1970,Perro
1971,Perro
1972,Perro
1973,Perro
1974,Perro
1975,Perro
1976,Perro
1977,Perro
1978,Perro
1979,Perro
1980,Perro
1981,Perro
1982,Perro
1983,Perro
1984,Perro
1985,Perro
1986,Perro
1987,Perro
1988,Perro
1989,Perro
1990,Perro
1991,Perro
1992,Perro
1993,Perro
1994,Perro
1995,Perro
1996,Perro
1997,Perro
1998,Perro
1999,Perro
2000,Perro
2001,Perro
2002,Perro
2003,Perro
2004,Perro
2005,Perro
2006,Perro
2007,Perro
2008,Perro
2009,Perro
2010,Perro
2011,Perro
2012,Perro
2013,Perro
2014,Perro
2015,Perro
2016,Perro
2017,Perro
2018,Perro
2019,Perro
2020,Perro
2021,Perro
2022,Perro
2023,Perro
2024,Perro
2025,Perro
2026,Perro
2027,Perro
2028,Perro
2029,Perro
2030,Perro
2031,Perro
2032,Perro
2033,Perro
2034,Perro
2035,Perro
2036,Perro
2037,Perro
2038,Perro
2039,Perro
2040,Perro
2041,Perro
2042,Perro
2043,Perro
2044,Perro
2045,Perro
2046,Perro
2047,Perro
2048,Perro
2049,Perro
2050,Perro
2051,Perro
2052,Perro
2053,Perro
2054,Perro
2055,Perro
2056,Perro
2057,Perro
2058,Perro
2059,Perro
2060,Perro
2061,Perro
2062,Perro
2063,Perro
2064,Perro
2065,Perro
2066,Perro
2067,Perro
2068,Perro
2069,Perro
2070,Perro
2071,Perro
2072,Perro
2073,Perro
2074,Perro
2075,Perro
2076,Perro
2077,Perro
2078,Perro
2079,Perro
2080,Perro
2081,Perro
2082,Perro
2083,Perro
2084,Perro
2085,Perro
2086,Perro
2087,Perro
2088,Perro
2089,Perro
2090,Perro
2091,Perro
2092,Perro
2093,Perro
2094,Perro
2095,Perro
2096,Perro
2097,Perro
2098,Perro
2099,Perro
2100,Perro
2101,Perro
2102,Perro
2103,Perro
2104,Perro
2105,Perro
2106,Perro
2107,Perro
2108,Perro
2109,Perro
2110,Perro
2111,Perro
2112,Perro
2113,Perro
2114,Perro
2115,Perro
2116,Perro
2117,Perro
2118,Perro
2119,Perro
2120,Perro
2121,Perro
2122,Perro
2123,Perro
2124,Perro
2125,Perro
2126,Perro
2127,Perro
2128,Perro
2129,Perro
2130,Perro
2131,Perro
2132,Perro
2133,Perro
2134,Perro
2135,Perro
2136,Perro
2137,Perro
2138,Perro
2139,Perro
2140,Perro
2141,Perro
2142,Perro
2143,Perro
2144,Perro
2145,Perro
2146,Perro
2147,Perro
2148,Perro
2149,Perro
2150,Perro
2151,Perro
2152,Perro
2153,Perro
2154,Perro
2155,Perro
2156,Perro
2157,Perro
2158,Perro
2159,Perro
2160,Perro
2161,Perro
2162,Perro
2163,Perro
2164,Perro
2165,Perro
2166,Perro
2167,Perro
2168,Perro
2169,Perro
2170,Perro
2171,Perro
2172,Perro
2173,Perro
2174,Perro
2175,Perro
2176,Perro
2177,Perro
2178,Perro
2179,Perro
2180,Perro
2181,Perro
2182,Perro
2183,Perro
2184,Perro
2185,Perro
2186,Perro
2187,Perro
2188,Perro
2189,Perro
2190,Perro
2191,Perro
2192,Perro
2193,Perro
2194,Perro
2195,Perro
2196,Perro
2197,Perro
2198,Perro
2199,Perro
2200,Perro
2201,Perro
2202,Perro
2203,Perro
2204,Perro
2205,Perro
2206,Perro
2207,Perro
2208,Perro
2209,Perro
2210,Perro
2211,Perro
2212,Perro
2213,Perro
2214,Perro
2215,Perro
2216,Perro
2217,Perro
2218,Perro
2219,Perro
2220,Perro
2221,Perro
2222,Perro
2223,Perro
2224,Perro
2225,Perro
2226,Perro
2227,Perro
2228,Perro
2229,Perro
2230,Perro
2231,Perro
2232,Perro
2233,Perro
2234,Perro
2235,Perro
2236,Perro
2237,Perro
2238,Perro
2239,Perro
2240,Perro
2241,Perro
2242,Perro
2243,Perro
2244,Perro
2245,Perro
2246,Perro
2247,Perro
2248,Perro
2249,Perro
2250,Perro
2251,Perro
2252,Perro
2253,Perro
2254,Perro
2255,Perro
2256,Perro
2257,Perro
2258,Perro
2259,Perro
2260,Perro
2261,Perro
2262,Perro
2263,Perro
2264,Perro
2265,Perro
2266,Perro
2267,Perro
2268,Perro
2269,Perro
2270,Perro
2271,Perro
2272,Perro
2273,Perro
2274,Perro
2275,Perro
2276,Perro
2277,Perro
2278,Perro
2279,Perro
2280,Perro
2281,Perro
2282,Perro
2283,Perro
2284,Perro
2285,Perro
2286,Perro
2287,Perro
2288,Perro
2289,Perro
2290,Perro
2291,Perro
2292,Perro
2293,Perro
2294,Perro
2295,Perro
2296,Perro
2297,Perro
2298,Perro
2299,Perro
2300,Perro
2301,Perro
2302,Perro
2303,Perro
2304,Perro
2305,Perro
2306,Perro
2307,Perro
2308,Perro
2309,Perro
2310,Perro
2311,Perro
2312,Perro
2313,Perro
2314,Perro
2315,Perro
2316,Perro
2317,Perro
2318,Perro
2319,Perro
2320,Perro
2321,Perro
2322,Perro
2323,Perro
2324,Perro
2325,Perro
2326,Perro
2327,Perro
2328,Perro
2329,Perro
2330,Perro
2331,Perro
2332,Perro
2333,Perro
2334,Perro
2335,Perro
2336,Perro
2337,Perro
2338,Perro
2339,Perro
2340,Perro
2341,Perro
2342,Perro
2343,Perro
2344,Perro
2345,Perro
2346,Perro
2347,Perro
2348,Perro
2349,Perro
2350,Perro
2351,Perro
2352,Perro
2353,Perro
2354,Perro
2355,Perro
2356,Perro
2357,Perro
2358,Perro
2359,Perro
2360,Perro
2361,Perro
2362,Perro
2363,Perro
2364,Perro
2365,Perro
2366,Perro
2367,Perro
2368,Perro
2369,Perro
2370,Perro
2371,Perro
2372,Perro
2373,Perro
2374,Perro
2375,Perro
2376,Perro
2377,Perro
2378,Perro
2379,Perro
2380,Perro
2381,Perro
2382,Perro
2383,Perro
2384,Perro
2385,Perro
2386,Perro
2387,Perro
2388,Perro
2389,Perro
2390,Perro
2391,Perro
2392,Perro
2393,Perro
2394,Perro
2395,Perro
2396,Perro
2397,Perro
2398,Perro
2399,Perro
2400,Perro
2401,Perro
2402,Perro
2403,Perro
2404,Perro
2405,Perro
2406,Perro
2407,Perro
2408,Perro
2409,Perro
2410,Perro
2411,Perro
2412,Perro
2413,Perro
2414,Perro
2415,Perro
2416,Perro
2417,Perro
2418,Perro
2419,Perro
2420,Perro
2421,Perro
2422,Perro
2423,Perro
2424,Perro
2425,Perro
2426,Perro
2427,Perro
2428,Perro
2429,Perro
2430,Perro
2431,Perro
2432,Perro
2433,Perro
2434,Perro
2435,Perro
2436,Perro
2437,Perro
2438,Perro
2439,Perro
2440,Perro
2441,Perro
2442,Perro
2443,Perro
2444,Perro
2445,Perro
2446,Perro
2447,Perro
2448,Perro
2449,Perro
2450,Perro
2451,Perro
2452,Perro
2453,Perro
2454,Gato
2455,Gato
2456,Gato
2457,Gato
2458,Gato
2459,Gato
2460,Gato
2461,Gato
2462,Gato
2463,Gato
2464,Gato
2465,Gato
2466,Gato
2467,Gato
2468,Gato
2469,Gato
2470,Gato
2471,Gato
2472,Gato
2473,Gato
2474,Gato
2475,Gato
2476,Gato
2477,Gato
2478,Gato
2479,Gato
2480,Gato
2481,Gato
2482,Gato
2483,Gato
2484,Gato
2485,Gato
2486,Gato
2487,Gato
2488,Gato
2489,Gato
2490,Gato
2491,Gato
2492,Gato
2493,Gato
2494,Gato
2495,Gato
2496,Gato
2497,Gato
2498,Gato
2499,Gato
2500,Gato
2501,Gato
2502,Gato
2503,Gato
2504,Gato
2505,Gato
2506,Gato
2507,Gato
2508,Gato
2509,Gato
2510,Gato
2511,Gato
2512,Gato
2513,Gato
2514,Gato
2515,Gato
2516,Gato
2517,Gato
2518,Gato
2519,Gato
2520,Gato
2521,Gato
2522,Gato
2523,Gato
2524,Gato
2525,Gato
2526,Gato
2527,Gato
2528,Gato
2529,Gato
2530,Gato
2531,Gato
2532,Gato
2533,Gato
2534,Gato
2535,Gato
2536,Gato
2537,Gato
2538,Gato
2539,Gato
2540,Gato
2541,Gato
2542,Gato
2543,Gato
2544,Gato
2545,Gato
2546,Gato
2547,Gato
2548,Gato
2549,Gato
2550,Gato
2551,Gato
2552,Gato
2553,Gato
2554,Gato
2555,Gato
2556,Gato
2557,Gato
2558,Gato
2559,Gato
2560,Gato
2561,Gato
2562,Gato
2563,Gato
2564,Gato
2565,Gato
2566,Gato
2567,Gato
2568,Gato
2569,Gato
2570,Gato
2571,Gato
2572,Gato
2573,Gato
2574,Gato
2575,Gato
2576,Gato
2577,Gato
2578,Gato
2579,Gato
2580,Gato
2581,Gato
2582,Gato
2583,Gato
2584,Gato
2585,Gato
2586,Gato
2587,Gato
2588,Gato
2589,Gato
2590,Gato
2591,Gato
2592,Gato
2593,Gato
2594,Gato
2595,Gato
2596,Gato
2597,Gato
2598,Gato
2599,Gato
2600,Gato
2601,Gato
2602,Gato
2603,Gato
2604,Gato
2605,Gato
2606,Gato
2607,Gato
2608,Gato
2609,Gato
2610,Gato
2611,Gato
2612,Gato
2613,Gato
2614,Gato
2615,Gato
2616,Gato
2617,Gato
2618,Gato
2619,Gato
2620,Gato
2621,Gato
2622,Gato
2623,Gato
2624,Gato
2625,Gato
2626,Gato
2627,Gato
2628,Gato
2629,Gato
2630,Gato
2631,Gato
2632,Gato
2633,Gato
2634,Gato
2635,Gato
2636,Gato
2637,Gato
2638,Gato
2639,Gato
2640,Gato
2641,Gato
2642,Gato
2643,Gato
2644,Gato
2645,Gato
2646,Gato
2647,Gato
2648,Gato
2649,Gato
2650,Gato
2651,Gato
2652,Gato
2653,Gato
2654,Gato
2655,Gato
2656,Gato
2657,Gato
2658,Gato
2659,Gato
2660,Gato
2661,Gato
2662,Gato
2663,Gato
2664,Gato
2665,Gato
2666,Gato
2667,Gato
2668,Gato
2669,Gato
2670,Gato
2671,Gato
2672,Gato
2673,Gato
2674,Gato
2675,Gato
2676,Gato
2677,Gato
2678,Gato
2679,Gato
2680,Gato
2681,Gato
2682,Gato
2683,Gato
2684,Gato
2685,Gato
2686,Gato
2687,Gato
2688,Gato
2689,Gato
2690,Gato
2691,Gato
2692,Gato
2693,Gato
2694,Gato
2695,Gato
2696,Gato
2697,Gato
2698,Gato
2699,Gato
2700,Gato
2701,Gato
2702,Gato
2703,Gato
2704,Gato
2705,Gato
2706,Gato
2707,Gato
2708,Gato
2709,Gato
2710,Gato
2711,Gato
2712,Gato
2713,Gato
2714,Gato
2715,Gato
2716,Gato
2717,Gato
2718,Gato
2719,Gato
2720,Gato
2721,Gato
2722,Gato
2723,Gato
2724,Gato
2725,Gato
2726,Gato
2727,Gato
2728,Gato
2729,Gato
2730,Gato
2731,Gato
2732,Gato
2733,Gato
2734,Gato
2735,Gato
2736,Gato
2737,Gato
2738,Gato
2739,Gato
2740,Gato
2741,Gato
2742,Gato
2743,Gato
2744,Gato
2745,Gato
2746,Gato
2747,Gato
2748,Gato
2749,Gato
2750,Gato
2751,Gato
2752,Gato
2753,Gato
2754,Gato
2755,Gato
2756,Gato
2757,Gato
2758,Gato
2759,Gato
2760,Gato
2761,Gato
2762,Gato
2763,Gato
2764,Gato
2765,Gato
2766,Gato
2767,Gato
2768,Gato
2769,Gato
2770,Gato
2771,Gato
2772,Gato
2773,Gato
2774,Gato
2775,Gato
2776,Gato
2777,Gato
2778,Gato
2779,Gato
2780,Gato
2781,Gato
2782,Gato
2783,Gato
2784,Gato
2785,Gato
2786,Gato
2787,Gato
2788,Gato
2789,Gato
2790,Gato
2791,Gato
2792,Gato
2793,Gato
2794,Gato
2795,Gato
2796,Gato
2797,Gato
2798,Gato
2799,Gato
2800,Gato
2801,Gato
2802,Gato
2803,Gato
2804,Gato
2805,Gato
2806,Gato
2807,Gato
2808,Gato
2809,Gato
2810,Gato
2811,Gato
2812,Gato
2813,Gato
2814,Gato
2815,Gato
2816,Gato
2817,Gato
2818,Gato
2819,Gato
2820,Gato
2821,Gato
2822,Gato
2823,Gato
2824,Gato
2825,Gato
2826,Gato
2827,Gato
2828,Gato
2829,Gato
2830,Gato
2831,Gato
2832,Gato
2833,Gato
2834,Gato
2835,Gato
2836,Gato
2837,Gato
2838,Gato
2839,Gato
2840,Gato
2841,Gato
2842,Gato
2843,Gato
2844,Gato
2845,Gato
2846,Gato
2847,Gato
2848,Gato
2849,Gato
2850,Gato
2851,Gato
2852,Gato
2853,Gato
2854,Gato
2855,Gato
2856,Gato
2857,Gato
2858,Gato
2859,Gato
2860,Gato
2861,Gato
2862,Gato
2863,Gato
2864,Gato
2865,Gato
2866,Gato
2867,Gato
2868,Gato
2869,Gato
2870,Gato
2871,Gato
2872,Gato
2873,Gato
2874,Gato
2875,Gato
2876,Gato
2877,Gato
2878,Gato
2879,Gato
2880,Gato
2881,Gato
2882,Gato
2883,Gato
2884,Gato
2885,Gato
2886,Gato
2887,Gato
2888,Gato
2889,Gato
2890,Gato
2891,Gato
2892,Gato
2893,Gato
2894,Gato
2895,Gato
2896,Gato
2897,Gato
2898,Gato
2899,Gato
2900,Gato
2901,Gato
2902,Gato
2903,Gato
2904,Gato
2905,Gato
2906,Gato
2907,Gato
2908,Gato
2909,Gato
2910,Gato
2911,Gato
2912,Gato
2913,Gato
2914,Gato
2915,Gato
2916,Gato
2917,Gato
2918,Gato
2919,Gato
2920,Gato
2921,Gato
2922,Gato
2923,Gato
2924,Gato
2925,Gato
2926,Gato
2927,Gato
2928,Gato
2929,Gato
2930,Gato
2931,Gato
2932,Gato
2933,Gato
2934,Gato
2935,Gato
2936,Gato
2937,Gato
2938,Gato
2939,Gato
2940,Gato
2941,Gato
2942,Gato
2943,Gato
2944,Gato
2945,Gato
2946,Gato
2947,Gato
2948,Gato
2949,Gato
2950,Gato
2951,Gato
2952,Gato
2953,Gato
2954,Gato
2955,Gato
2956,Gato
2957,Gato
2958,Gato
2959,Gato
2960,Gato
2961,Gato
2962,Gato
2963,Gato
2964,Gato
2965,Gato
2966,Gato
2967,Gato
2968,Gato
2969,Gato
2970,Gato
2971,Gato
2972,Gato
2973,Gato
2974,Gato
2975,Gato
2976,Gato
2977,Gato
2978,Gato
2979,Gato
2980,Gato
2981,Gato
2982,Gato
2983,Gato
2984,Gato
2985,Gato
2986,Gato
2987,Gato
2988,Gato
2989,Gato
2990,Gato
2991,Gato
2992,Gato
2993,Gato
2994,Gato
2995,Gato
2996,Gato
2997,Gato
2998,Gato
2999,Gato
3000,Gato
3001,Gato
3002,Gato
3003,Gato
3004,Gato
3005,Gato
3006,Gato
3007,Gato
3008,Gato
3009,Gato
3010,Gato
3011,Gato
3012,Gato
3013,Gato
3014,Gato
3015,Gato
3016,Gato
3017,Gato
3018,Gato
3019,Gato
3020,Gato
3021,Gato
3022,Gato
3023,Gato
3024,Gato
3025,Gato
3026,Gato
3027,Gato
3028,Gato
3029,Gato
3030,Gato
3031,Gato
3032,Gato
3033,Gato
3034,Gato
3035,Gato
3036,Gato
3037,Gato
3038,Gato
3039,Gato
3040,Gato
3041,Gato
3042,Gato
3043,Gato
3044,Gato
3045,Gato
3046,Gato
3047,Gato
3048,Gato
3049,Gato
3050,Gato
3051,Gato
3052,Gato
3053,Gato
3054,Gato
3055,Gato
3056,Gato
3057,Gato
3058,Gato
3059,Gato
3060,Gato
3061,Gato
3062,Gato
3063,Gato
3064,Gato
3065,Gato
3066,Gato
3067,Gato
3068,Gato
3069,Gato
3070,Gato
3071,Gato
3072,Gato
3073,Gato
3074,Gato
3075,Gato
3076,Gato
3077,Gato
3078,Gato
3079,Gato
3080,Gato
3081,Gato
3082,Gato
3083,Gato
3084,Gato
3085,Gato
3086,Gato
3087,Gato
3088,Gato
3089,Gato
3090,Gato
3091,Gato
3092,Gato
3093,Gato
3094,Gato
3095,Gato
3096,Gato
3097,Gato
3098,Gato
3099,Gato
3100,Gato
3101,Gato
3102,Gato
3103,Gato
3104,Gato
3105,Gato
3106,Gato
3107,Gato
3108,Gato
3109,Gato
3110,Gato
3111,Gato
3112,Gato
3113,Gato
3114,Gato
3115,Gato
3116,Gato
3117,Gato
3118,Gato
3119,Gato
3120,Gato
3121,Gato
3122,Gato
3123,Gato
3124,Gato
3125,Gato
3126,Gato
3127,Gato
3128,Gato
3129,Gato
3130,Gato
3131,Gato
3132,Gato
3133,Gato
3134,Gato
3135,Gato
3136,Gato
3137,Gato
3138,Gato
3139,Gato
3140,Gato
3141,Gato
3142,Gato
3143,Gato
3144,Gato
3145,Gato
3146,Gato
3147,Gato
3148,Gato
3149,Gato
3150,Gato
3151,Gato
3152,Gato
3153,Gato
3154,Gato
3155,Gato
3156,Gato
3157,Gato
3158,Gato
3159,Gato
3160,Gato
3161,Gato
3162,Gato
3163,Gato
3164,Gato
3165,Gato
3166,Gato
3167,Gato
3168,Gato
3169,Gato
3170,Gato
3171,Gato
3172,Gato
3173,Gato
3174,Gato
3175,Gato
3176,Gato
3177,Gato
3178,Gato
3179,Gato
3180,Gato
3181,Gato
3182,Gato
3183,Gato
3184,Gato
3185,Gato
3186,Gato
3187,Gato
3188,Gato
3189,Gato
3190,Gato
3191,Gato
3192,Gato
3193,Gato
3194,Gato
3195,Gato
3196,Gato
3197,Gato
3198,Gato
3199,Gato
3200,Gato
3201,Gato
3202,Gato
3203,Gato
3204,Gato
3205,Gato
3206,Gato
3207,Gato
3208,Gato
3209,Gato
3210,Gato
3211,Gato
3212,Gato
3213,Gato
3214,Gato
3215,Gato
3216,Gato
3217,Gato
3218,Gato
3219,Gato
3220,Gato
3221,Gato
3222,Gato
3223,Gato
3224,Gato
3225,Gato
3226,Gato
3227,Gato
3228,Gato
3229,Gato
3230,Gato
3231,Gato
3232,Gato
3233,Gato
3234,Gato
3235,Gato
3236,Gato
3237,Gato
3238,Gato
3239,Gato
3240,Gato
3241,Gato
3242,Gato
3243,Gato
3244,Gato
3245,Gato
3246,Gato
3247,Gato
3248,Gato
3249,Gato
3250,Gato
3251,Gato
3252,Gato
3253,Gato
3254,Gato
3255,Gato
3256,Gato
3257,Gato
3258,Gato
3259,Gato
3260,Gato
3261,Gato
3262,Gato
3263,Gato
3264,Gato
3265,Gato
3266,Gato
3267,Gato
3268,Gato
3269,Gato
3270,Gato
3271,Gato
3272,Gato
3273,Gato
3274,Gato
3275,Gato
3276,Gato
3277,Gato
3278,Gato
3279,Gato
3280,Gato
3281,Gato
3282,Gato
3283,Gato
3284,Gato
3285,Gato
3286,Gato
3287,Gato
3288,Gato
3289,Gato
3290,Gato
3291,Gato
3292,Gato
3293,Gato
3294,Gato
3295,Gato
3296,Gato
3297,Gato
3298,Gato
3299,Gato
3300,Gato
3301,Gato
3302,Gato
3303,Gato
3304,Gato
3305,Gato
3306,Gato
3307,Gato
3308,Gato
3309,Gato
3310,Gato
3311,Gato
3312,Gato
3313,Gato
3314,Gato
3315,Gato
3316,Gato
3317,Gato
3318,Gato
3319,Gato
3320,Gato
3321,Gato
3322,Gato
3323,Gato
3324,Gato
3325,Gato
3326,Gato
3327,Gato
3328,Gato
3329,Gato
3330,Gato
3331,Gato
3332,Gato
3333,Gato
3334,Gato
3335,Gato
3336,Gato
3337,Gato
3338,Gato
3339,Gato
3340,Gato
3341,Gato
3342,Gato
3343,Gato
3344,Gato
3345,Gato
3346,Gato
3347,Gato
3348,Gato
3349,Gato
3350,Gato
3351,Gato
3352,Gato
3353,Gato
3354,Gato
3355,Gato
3356,Gato
3357,Gato
3358,Gato
3359,Gato
3360,Gato
3361,Gato
3362,Gato
3363,Gato
3364,Gato
3365,Gato
3366,Gato
3367,Gato
3368,Gato
3369,Gato
3370,Gato
3371,Gato
3372,Gato
3373,Gato
3374,Gato
3375,Gato
3376,Gato
3377,Gato
3378,Gato
3379,Gato
3380,Gato
3381,Gato
3382,Gato
3383,Gato
3384,Gato
3385,Gato
3386,Gato
3387,Gato
3388,Gato
3389,Gato
3390,Gato
3391,Gato
3392,Gato
3393,Gato
3394,Gato
3395,Gato
3396,Gato
3397,Gato
3398,Gato
3399,Gato
3400,Gato
3401,Gato
3402,Gato
3403,Gato
3404,Gato
3405,Gato
3406,Gato
3407,Gato
3408,Gato
3409,Gato
3410,Gato
3411,Gato
3412,Gato
3413,Gato
3414,Gato
3415,Gato
3416,Gato
3417,Gato
3418,Gato
3419,Gato
3420,Gato
3421,Gato
3422,Gato
3423,Gato
3424,Gato
3425,Gato
3426,Gato
3427,Gato
3428,Gato
3429,Gato
3430,Gato
3431,Gato
3432,Gato
3433,Gato
3434,Gato
3435,Gato
3436,Gato
3437,Gato
3438,Gato
3439,Gato
3440,Gato
3441,Gato
3442,Gato
3443,Gato
3444,Gato
3445,Gato
3446,Gato
3447,Gato
3448,Gato
3449,Gato
3450,Gato
3451,Gato
3452,Gato
3453,Gato
3454,Gato
3455,Gato
3456,Gato
3457,Gato
3458,Gato
3459,Gato
3460,Gato
3461,Gato
3462,Gato
3463,Gato
3464,Gato
3465,Gato
3466,Gato
3467,Gato
3468,Gato
3469,Gato
3470,Gato
3471,Gato
3472,Gato
3473,Gato
3474,Gato
3475,Gato
3476,Gato
3477,Gato
3478,Gato
3479,Gato
3480,Gato
3481,Gato
3482,Gato
3483,Gato
3484,Gato
3485,Gato
3486,Gato
3487,Gato
3488,Gato
3489,Gato
3490,Gato
3491,Gato
3492,Gato
3493,Gato
3494,Gato
3495,Gato
3496,Gato
3497,Gato
3498,Gato
3499,Gato
3500,Gato
3501,Gato
3502,Gato
3503,Gato
3504,Gato
3505,Gato
3506,Gato
3507,Gato
3508,Gato
3509,Gato
3510,Gato
3511,Gato
3512,Gato
3513,Gato
3514,Gato
3515,Gato
3516,Gato
3517,Gato
3518,Gato
3519,Gato
3520,Gato
3521,Gato
3522,Gato
3523,Gato
3524,Gato
3525,Gato
3526,Gato
3527,Gato
3528,Gato
3529,Gato
3530,Gato
3531,Gato
3532,Gato
3533,Gato
3534,Gato
3535,Gato
3536,Gato
3537,Gato
3538,Gato
3539,Gato
3540,Gato
3541,Gato
3542,Gato
3543,Gato
3544,Gato
3545,Gato
3546,Gato
3547,Gato
3548,Gato
3549,Gato
3550,Gato
3551,Gato
3552,Gato
3553,Gato
3554,Gato
3555,Gato
3556,Gato
3557,Gato
3558,Gato
3559,Gato
3560,Gato
3561,Gato
3562,Gato
3563,Gato
3564,Gato
3565,Gato
3566,Gato
3567,Gato
3568,Gato
3569,Gato
3570,Gato
3571,Gato
3572,Gato
3573,Gato
3574,Gato
3575,Gato
3576,Gato
3577,Gato
3578,Gato
3579,Gato
3580,Gato
3581,Gato
3582,Gato
3583,Gato
3584,Gato
3585,Gato
3586,Gato
3587,Gato
3588,Gato
3589,Gato
3590,Gato
3591,Gato
3592,Gato
3593,Gato
3594,Gato
3595,Gato
3596,Gato
3597,Gato
3598,Gato
3599,Gato
3600,Gato
3601,Gato
3602,Gato
3603,Gato
3604,Gato
3605,Gato
3606,Gato
3607,Gato
3608,Gato
3609,Gato
3610,Gato
3611,Gato
3612,Gato
3613,Gato
3614,Gato
3615,Gato
3616,Gato
3617,Gato
3618,Gato
3619,Gato
3620,Gato
3621,Gato
3622,Gato
3623,Gato
3624,Gato
3625,Gato
3626,Gato
3627,Gato
3628,Gato
3629,Gato
3630,Gato
3631,Gato
3632,Gato
3633,Gato
3634,Gato
3635,Gato
3636,Gato
3637,Gato
3638,Gato
3639,Gato
3640,Gato
3641,Gato
3642,Gato
3643,Gato
3644,Gato
3645,Gato
3646,Gato
3647,Gato
3648,Gato
3649,Gato
3650,Gato
3651,Gato
3652,Gato
3653,Gato
3654,Gato
3655,Gato
3656,Gato
3657,Gato
3658,Gato
3659,Gato
3660,Gato
3661,Gato
3662,Gato
3663,Gato
3664,Gato
3665,Gato
3666,Gato
3667,Gato
3668,Gato
3669,Gato
3670,Gato
3671,Gato
3672,Gato
3673,Gato
3674,Gato
3675,Gato
3676,Gato
3677,Gato
3678,Gato
3679,Gato
3680,Gato
3681,Gato
3682,Gato
3683,Gato
3684,Gato
3685,Gato
3686,Gato
3687,Gato
3688,Gato
3689,Gato
3690,Gato
3691,Gato
3692,Gato
3693,Gato
3694,Gato
3695,Gato
3696,Gato
3697,Gato
3698,Gato
3699,Gato
3700,Gato
3701,Gato
3702,Gato
3703,Gato
3704,Gato
3705,Gato
3706,Gato
3707,Gato
3708,Gato
3709,Gato
3710,Gato
3711,Gato
3712,Gato
3713,Gato
3714,Gato
3715,Gato
3716,Gato
3717,Gato
3718,Gato
3719,Gato
3720,Gato
3721,Gato
3722,Gato
3723,Gato
3724,Gato
3725,Gato
3726,Gato
3727,Gato
3728,Gato
3729,Gato
3730,Gato
3731,Gato
3732,Gato
3733,Gato
3734,Gato
3735,Gato
3736,Gato
3737,Gato
3738,Gato
3739,Gato
3740,Gato
3741,Gato
3742,Gato
3743,Gato
3744,Gato
3745,Gato
3746,Gato
3747,Gato
3748,Gato
3749,Gato
3750,Gato
3751,Gato
3752,Gato
3753,Gato
3754,Gato
3755,Gato
3756,Gato
3757,Gato
3758,Gato
3759,Gato
3760,Gato
3761,Gato
3762,Gato
3763,Gato
3764,Gato
3765,Gato
3766,Gato
3767,Gato
3768,Gato
3769,Gato
3770,Gato
3771,Gato
3772,Gato
3773,Gato
3774,Gato
3775,Gato
3776,Gato
3777,Gato
3778,Gato
3779,Gato
3780,Gato
3781,Gato
3782,Gato
3783,Gato
3784,Gato
3785,Gato
3786,Gato
3787,Gato
3788,Gato
3789,Gato
3790,Gato
3791,Gato
3792,Gato
3793,Gato
3794,Gato
3795,Gato
3796,Gato
3797,Gato
3798,Gato
3799,Gato
3800,Gato
3801,Gato
3802,Gato
3803,Gato
3804,Gato
3805,Gato
3806,Gato
3807,Gato
3808,Gato
3809,Gato
3810,Gato
3811,Gato
3812,Gato
3813,Gato
3814,Gato
3815,Gato
3816,Gato
3817,Gato
3818,Gato
3819,Gato
3820,Gato
3821,Gato
3822,Gato
3823,Gato
3824,Gato
3825,Gato
3826,Gato
3827,Gato
3828,Gato
3829,Gato
3830,Gato
3831,Gato
3832,Gato
3833,Gato
3834,Gato
3835,Gato
3836,Gato
3837,Gato
3838,Gato
3839,Gato
3840,Gato
3841,Gato
3842,Gato
3843,Gato
3844,Gato
3845,Gato
3846,Gato
3847,Gato
3848,Gato
3849,Gato
3850,Gato
3851,Gato
3852,Gato
3853,Gato
3854,Gato
3855,Gato
3856,Gato
3857,Gato
3858,Gato
3859,Gato
3860,Gato
3861,Gato
3862,Gato
3863,Gato
3864,Gato
3865,Gato
3866,Gato
3867,Gato
3868,Gato
3869,Gato
3870,Gato
3871,Gato
3872,Gato
3873,Gato
3874,Gato
3875,Gato
3876,Gato
3877,Gato
3878,Gato
3879,Gato
3880,Gato
3881,Gato
3882,Gato
3883,Gato
3884,Gato
3885,Gato
3886,Gato
3887,Gato
3888,Gato
3889,Gato
3890,Gato
3891,Gato
3892,Gato
3893,Gato
3894,Gato
3895,Gato
3896,Gato
3897,Gato
3898,Gato
3899,Gato
3900,Gato
3901,Gato
3902,Gato
3903,Gato
3904,Gato
3905,Gato
3906,Gato
3907,Gato
3908,Gato
3909,Gato
3910,Gato
3911,Gato
3912,Gato
3913,Gato
3914,Gato
3915,Gato
3916,Gato
3917,Gato
3918,Gato
3919,Gato
3920,Gato
3921,Gato
3922,Gato
3923,Gato
3924,Gato
3925,Gato
3926,Gato
3927,Gato
3928,Gato
3929,Gato
3930,Gato
3931,Gato
3932,Gato
3933,Gato
3934,Gato
3935,Gato
3936,Gato
3937,Gato
3938,Gato
3939,Gato
3940,Gato
3941,Gato
3942,Gato
3943,Gato
3944,Gato
3945,Gato
3946,Gato
3947,Gato
3948,Gato
3949,Gato
3950,Gato
3951,Gato
3952,Gato
3953,Gato
3954,Gato
3955,Gato
3956,Gato
3957,Gato
3958,Gato
3959,Gato
3960,Gato
3961,Gato
3962,Gato
3963,Gato
3964,Gato
3965,Gato
3966,Gato
3967,Gato
3968,Gato
3969,Gato
3970,Gato
3971,Gato
3972,Gato
3973,Gato
3974,Gato
3975,Gato
3976,Gato
3977,Gato
3978,Gato
3979,Gato
3980,Gato
3981,Gato
3982,Gato
3983,Gato
3984,Gato
3985,Gato
3986,Gato
3987,Gato
3988,Gato
3989,Gato
3990,Gato
3991,Gato
3992,Gato
3993,Gato
3994,Gato
3995,Gato
3996,Gato
3997,Gato
3998,Gato
3999,Gato
4000,Gato
4001,Gato
4002,Gato
4003,Gato
4004,Gato
4005,Gato
4006,Gato
4007,Gato
4008,Gato
4009,Gato
4010,Gato
4011,Gato
4012,Gato
4013,Gato
4014,Gato
4015,Gato
4016,Gato
4017,Gato
4018,Gato
4019,Gato
4020,Gato
4021,Gato
4022,Gato
4023,Gato
4024,Gato
4025,Gato
4026,Gato
4027,Gato
4028,Gato
4029,Gato
4030,Gato
4031,Gato
4032,Gato
4033,Gato
4034,Gato
4035,Gato
4036,Gato
4037,Gato
4038,Gato
4039,Gato
4040,Gato
4041,Gato
4042,Gato
4043,Gato
4044,Gato
4045,Gato
4046,Gato
4047,Gato
4048,Gato
4049,Gato
4050,Gato
4051,Gato
4052,Gato
4053,Gato
4054,Gato
4055,Gato
4056,Gato
4057,Gato
4058,Gato
4059,Gato
4060,Gato
4061,Gato
4062,Gato
4063,Gato
4064,Gato
4065,Gato
4066,Gato
4067,Gato
4068,Gato
4069,Gato
4070,Gato
4071,Gato
4072,Gato
4073,Gato
4074,Gato
4075,Gato
4076,Gato
4077,Gato
4078,Gato
4079,Gato
4080,Gato
4081,Gato
4082,Gato
4083,Gato
4084,Gato
4085,Gato
4086,Gato
4087,Gato
4088,Gato
4089,Gato
4090,Gato
4091,Gato
4092,Gato
4093,Gato
4094,Gato
4095,Gato
4096,Gato
4097,Gato
4098,Gato
4099,Gato
4100,Gato
4101,Gato
4102,Gato
4103,Gato
4104,Gato
4105,Gato
4106,Gato
4107,Gato
4108,Gato
4109,Gato
4110,Gato
4111,Gato
4112,Gato
4113,Gato
4114,Gato
4115,Gato
4116,Gato
4117,Gato
4118,Gato
4119,Gato
4120,Gato
4121,Gato
4122,Gato
4123,Gato
4124,Gato
4125,Gato
4126,Gato
4127,Gato
4128,Gato
4129,Gato
4130,Gato
4131,Gato
4132,Gato
4133,Gato
4134,Gato
4135,Gato
4136,Gato
4137,Gato
4138,Gato
4139,Gato
4140,Gato
4141,Gato
4142,Gato
4143,Gato
4144,Gato
4145,Gato
4146,Gato
4147,Gato
4148,Gato
4149,Gato
4150,Gato
4151,Gato
4152,Gato
4153,Gato
4154,Gato
4155,Gato
4156,Gato
4157,Gato
4158,Gato
4159,Gato
4160,Gato
4161,Gato
4162,Gato
4163,Gato
4164,Gato
4165,Gato
4166,Gato
4167,Gato
4168,Gato
4169,Gato
4170,Gato
4171,Gato
4172,Gato
4173,Gato
4174,Gato
4175,Gato
4176,Gato
4177,Gato
4178,Gato
4179,Gato
4180,Gato
4181,Gato
4182,Gato
4183,Gato
4184,Gato
4185,Gato
4186,Gato
4187,Gato
4188,Gato
4189,Gato
4190,Gato
4191,Gato
4192,Gato
4193,Gato
4194,Gato
4195,Gato
4196,Gato
4197,Gato
4198,Gato
4199,Gato
4200,Gato
4201,Gato
4202,Gato
4203,Gato
4204,Gato
4205,Gato
4206,Gato
4207,Gato
4208,Gato
4209,Gato
4210,Gato
4211,Gato
4212,Gato
4213,Gato
4214,Gato
4215,Gato
4216,Gato
4217,Gato
4218,Gato
4219,Gato
4220,Gato
4221,Gato
4222,Gato
4223,Gato
4224,Gato
4225,Gato
4226,Gato
4227,Gato
4228,Gato
4229,Gato
4230,Gato
4231,Gato
4232,Gato
4233,Gato
4234,Gato
4235,Gato
4236,Gato
4237,Gato
4238,Gato
4239,Gato
4240,Gato
4241,Gato
4242,Gato
4243,Gato
4244,Gato
4245,Gato
4246,Gato
4247,Gato
4248,Gato
4249,Gato
4250,Gato
4251,Gato
4252,Gato
4253,Gato
4254,Gato
4255,Gato
4256,Gato
4257,Gato
4258,Gato
4259,Gato
4260,Gato
4261,Gato
4262,Gato
4263,Gato
4264,Gato
4265,Gato
4266,Gato
4267,Gato
4268,Gato
4269,Gato
4270,Gato
4271,Gato
4272,Gato
4273,Gato
4274,Gato
4275,Gato
4276,Gato
4277,Gato
4278,Gato
4279,Gato
4280,Gato
4281,Gato
4282,Gato
4283,Gato
4284,Gato
4285,Gato
4286,Gato
4287,Gato
4288,Gato
4289,Gato
4290,Gato
4291,Gato
4292,Gato
4293,Gato
4294,Gato
4295,Gato
4296,Gato
4297,Gato
4298,Gato
4299,Gato
4300,Gato
4301,Gato
4302,Gato
4303,Gato
4304,Gato
4305,Gato
4306,Gato
4307,Gato
4308,Gato
4309,Gato
4310,Gato
4311,Gato
4312,Gato
4313,Gato
4314,Gato
4315,Gato
4316,Gato
4317,Gato
4318,Gato
4319,Gato
4320,Gato
4321,Gato
4322,Gato
4323,Gato
4324,Gato
4325,Gato
4326,Gato
4327,Gato
4328,Gato
4329,Gato
4330,Gato
4331,Gato
4332,Gato
4333,Gato
4334,Gato
4335,Gato
4336,Gato
4337,Gato
4338,Gato
4339,Gato
4340,Gato
4341,Gato
4342,Gato
4343,Gato
4344,Gato
4345,Gato
4346,Gato
4347,Gato
4348,Gato
4349,Gato
4350,Gato
4351,Gato
4352,Gato
4353,Gato
4354,Gato
4355,Gato
4356,Gato
4357,Gato
4358,Gato
4359,Gato
4360,Gato
4361,Gato
4362,Gato
4363,Gato
4364,Gato
4365,Gato
4366,Gato
4367,Gato
4368,Gato
4369,Gato
4370,Gato
4371,Gato
4372,Gato
4373,Gato
4374,Gato
4375,Gato
4376,Gato
4377,Gato
4378,Gato
4379,Gato
4380,Gato
4381,Gato
4382,Gato
4383,Gato
4384,Gato
4385,Gato
4386,Gato
4387,Gato
4388,Gato
4389,Gato
4390,Gato
4391,Gato
4392,Gato
4393,Gato
4394,Gato
4395,Gato
4396,Gato
4397,Gato
4398,Gato
4399,Gato
4400,Gato
4401,Gato
4402,Gato
4403,Gato
4404,Gato
4405,Gato
4406,Gato
4407,Gato
4408,Gato
4409,Gato
4410,Gato
4411,Gato
4412,Gato
4413,Gato
4414,Gato
4415,Gato
4416,Gato
4417,Gato
4418,Gato
4419,Gato
4420,Gato
4421,Gato
4422,Gato
4423,Gato
4424,Gato
4425,Gato
4426,Gato
4427,Gato
4428,Gato
4429,Gato
4430,Gato
4431,Gato
4432,Gato
4433,Gato
4434,Gato
4435,Gato
4436,Gato
4437,Gato
4438,Gato
4439,Gato
4440,Gato
4441,Gato
4442,Gato
4443,Gato
4444,Gato
4445,Gato
4446,Gato
4447,Gato
4448,Gato
4449,Gato
4450,Gato
4451,Gato
4452,Gato
4453,Gato
4454,Gato
4455,Gato
4456,Gato
4457,Gato
4458,Gato
4459,Gato
4460,Gato
4461,Gato
4462,Gato
4463,Gato
4464,Gato
4465,Gato
4466,Gato
4467,Gato
4468,Gato
4469,Gato
4470,Gato
4471,Gato
4472,Gato
4473,Gato
4474,Gato
4475,Gato
4476,Gato
4477,Gato
4478,Gato
4479,Gato
4480,Gato
4481,Gato
4482,Gato
4483,Gato
4484,Gato
4485,Gato
4486,Gato
4487,Gato
4488,Gato
4489,Gato
4490,Gato
4491,Gato
4492,Gato
4493,Gato
4494,Gato
4495,Gato
4496,Gato
4497,Gato
4498,Gato
4499,Gato
4500,Gato
4501,Gato
4502,Gato
4503,Gato
4504,Gato
4505,Gato
4506,Gato
4507,Gato
4508,Gato
4509,Gato
4510,Gato
4511,Gato
4512,Gato
4513,Gato
4514,Gato
4515,Gato
4516,Gato
4517,Gato
4518,Gato
4519,Gato
4520,Gato
4521,Gato
4522,Gato
4523,Gato
4524,Gato
4525,Gato
4526,Gato
4527,Gato
4528,Gato
4529,Gato
4530,Gato
4531,Gato
4532,Gato
4533,Gato
4534,Gato
4535,Gato
4536,Gato
4537,Gato
4538,Gato
4539,Gato
4540,Gato
4541,Gato
4542,Gato
4543,Gato
4544,Gato
4545,Gato
4546,Gato
4547,Gato
4548,Gato
4549,Gato
4550,Gato
4551,Gato
4552,Gato
4553,Gato
4554,Gato
4555,Gato
4556,Gato
4557,Gato
4558,Gato
4559,Gato
4560,Gato
4561,Gato
4562,Gato
4563,Gato
4564,Gato
4565,Gato
4566,Gato
4567,Gato
4568,Gato
4569,Gato
4570,Gato
4571,Gato
4572,Gato
4573,Gato
4574,Gato
4575,Gato
4576,Gato
4577,Gato
4578,Gato
4579,Gato
4580,Gato
4581,Gato
4582,Gato
4583,Gato
4584,Gato
4585,Gato
4586,Gato
4587,Gato
4588,Gato
4589,Gato
4590,Gato
4591,Gato
4592,Gato
4593,Gato
4594,Gato
4595,Gato
4596,Gato
4597,Gato
4598,Gato
4599,Gato
4600,Gato
4601,Gato
4602,Gato
4603,Gato
4604,Gato
4605,Gato
4606,Gato
4607,Gato
4608,Gato
4609,Gato
4610,Gato
4611,Gato
4612,Gato
4613,Gato
4614,Gato
4615,Gato
4616,Gato
4617,Gato
4618,Gato
4619,Gato
4620,Gato
4621,Gato
4622,Gato
4623,Gato
4624,Gato
4625,Gato
4626,Gato
4627,Gato
4628,Gato
4629,Gato
4630,Gato
4631,Gato
4632,Gato
4633,Gato
4634,Gato
4635,Gato
4636,Gato
4637,Gato
4638,Gato
4639,Gato
4640,Gato
4641,Gato
4642,Gato
4643,Gato
4644,Gato
4645,Gato
4646,Gato
4647,Gato
4648,Gato
4649,Gato
4650,Gato
4651,Gato
4652,Gato
4653,Gato
4654,Gato
4655,Gato
4656,Gato
4657,Gato
4658,Gato
4659,Gato
4660,Gato
4661,Gato
4662,Gato
4663,Gato
4664,Gato
4665,Gato
4666,Gato
4667,Gato
4668,Gato
4669,Gato
4670,Gato
4671,Gato
4672,Gato
4673,Gato
4674,Gato
4675,Gato
4676,Gato
4677,Gato
4678,Gato
4679,Gato
4680,Gato
4681,Gato
4682,Gato
4683,Gato
4684,Gato
4685,Gato
4686,Gato
4687,Gato
4688,Gato
4689,Gato
4690,Gato
4691,Gato
4692,Gato
4693,Gato
4694,Gato
4695,Gato
4696,Gato
4697,Gato
4698,Gato
4699,Chancho
4700,Chancho
4701,Chancho
4702,Chancho
4703,Chancho
4704,Chancho
4705,Chancho
4706,Chancho
4707,Chancho
4708,Chancho
4709,Chancho
4710,Chancho
4711,Chancho
4712,Chancho
4713,Chancho
4714,Chancho
4715,Chancho
4716,Chancho
4717,Chancho
4718,Chancho
4719,Chancho
4720,Chancho
4721,Chancho
4722,Chancho
4723,Chancho
4724,Chancho
4725,Chancho
4726,Chancho
4727,Chancho
4728,Chancho
4729,Chancho
4730,Chancho
4731,Chancho
4732,Chancho
4733,Chancho
4734,Chancho
4735,Chancho
4736,Chancho
4737,Chancho
4738,Chancho
4739,Chancho
4740,Chancho
4741,Chancho
4742,Chancho
4743,Chancho
4744,Chancho
4745,Chancho
4746,Chancho
4747,Chancho
4748,Chancho
4749,Chancho
4750,Chancho
4751,Chancho
4752,Chancho
4753,Chancho
4754,Chancho
4755,Chancho
4756,Chancho
4757,Chancho
4758,Chancho
4759,Chancho
4760,Chancho
4761,Chancho
4762,Chancho
4763,Chancho
4764,Chancho
4765,Chancho
4766,Chancho
4767,Chancho
4768,Chancho
4769,Chancho
4770,Chancho
4771,Chancho
4772,Chancho
4773,Chancho
4774,Chancho
4775,Chancho
4776,Chancho
4777,Chancho
4778,Chancho
4779,Chancho
4780,Chancho
4781,Chancho
4782,Chancho
4783,Chancho
4784,Chancho
4785,Chancho
4786,Chancho
4787,Chancho
4788,Chancho
4789,Chancho
4790,Chancho
4791,Chancho
4792,Chancho
4793,Chancho
4794,Chancho
4795,Chancho
4796,Chancho
4797,Chancho
4798,Chancho
4799,Chancho
4800,Chancho
4801,Chancho
4802,Chancho
4803,Chancho
4804,Chancho
4805,Chancho
4806,Chancho
4807,Chancho
4808,Chancho
4809,Chancho
4810,Chancho
4811,Chancho
4812,Chancho
4813,Chancho
4814,Chancho
4815,Chancho
4816,Chancho
4817,Chancho
4818,Chancho
4819,Chancho
4820,Chancho
4821,Chancho
4822,Chancho
4823,Chancho
4824,Chancho
4825,Chancho
4826,Chancho
4827,Chancho
4828,Chancho
4829,Chancho
4830,Chancho
4831,Chancho
4832,Chancho
4833,Chancho
4834,Chancho
4835,Chancho
4836,Chancho
4837,Chancho
4838,Chancho
4839,Chancho
4840,Chancho
4841,Chancho
4842,Chancho
4843,Chancho
4844,Chancho
4845,Chancho
4846,Chancho
4847,Chancho
4848,Chancho
4849,Chancho
4850,Chancho
4851,Chancho
4852,Chancho
4853,Chancho
4854,Chancho
4855,Chancho
4856,Chancho
4857,Chancho
4858,Chancho
4859,Chancho
4860,Chancho
4861,Chancho
4862,Chancho
4863,Chancho
4864,Chancho
4865,Chancho
4866,Chancho
4867,Chancho
4868,Chancho
4869,Chancho
4870,Chancho
4871,Chancho
4872,Chancho
4873,Chancho
4874,Chancho
4875,Chancho
4876,Chancho
4877,Chancho
4878,Chancho
4879,Chancho
4880,Chancho
4881,Chancho
4882,Chancho
4883,Chancho
4884,Chancho
4885,Chancho
4886,Chancho
4887,Chancho
4888,Chancho
4889,Chancho
4890,Chancho
4891,Chancho
4892,Chancho
4893,Chancho
4894,Chancho
4895,Chancho
4896,Chancho
4897,Chancho
4898,Chancho
4899,Chancho
4900,Chancho
4901,Chancho
4902,Chancho
4903,Chancho
4904,Chancho
4905,Chancho
4906,Chancho
4907,Chancho
4908,Chancho
4909,Chancho
4910,Chancho
4911,Chancho
4912,Chancho
4913,Chancho
4914,Chancho
4915,Chancho
4916,Chancho
4917,Chancho
4918,Chancho
4919,Chancho
4920,Chancho
4921,Chancho
4922,Chancho
4923,Chancho
4924,Chancho
4925,Chancho
4926,Chancho
4927,Chancho
4928,Chancho
4929,Chancho
4930,Chancho
4931,Chancho
4932,Chancho
4933,Chancho
4934,Chancho
4935,Chancho
4936,Chancho
4937,Chancho
4938,Chancho
4939,Chancho
4940,Chancho
4941,Chancho
4942,Chancho
4943,Chancho
4944,Chancho
4945,Chancho
4946,Chancho
4947,Chancho
4948,Chancho
4949,Chancho
4950,Chancho
4951,Chancho
4952,Chancho
4953,Chancho
4954,Chancho
4955,Chancho
4956,Chancho
4957,Chancho
4958,Chancho
4959,Chancho
4960,Chancho
4961,Chancho
4962,Chancho
4963,Chancho
4964,Chancho
4965,Chancho
4966,Chancho
4967,Chancho
4968,Chancho
4969,Chancho
4970,Chancho
4971,Chancho
4972,Chancho
4973,Chancho
4974,Chancho
4975,Chancho
4976,Chancho
4977,Chancho
4978,Chancho
4979,Chancho
4980,Chancho
4981,Chancho
4982,Chancho
4983,Chancho
4984,Chancho
4985,Chancho
4986,Chancho
4987,Chancho
4988,Chancho
4989,Chancho
4990,Chancho
4991,Chancho
4992,Chancho
4993,Chancho
4994,Chancho
4995,Chancho
4996,Chancho
4997,Chancho
4998,Chancho
4999,Chancho
5000,Chancho
5001,Chancho
5002,Chancho
5003,Chancho
5004,Chancho
5005,Chancho
5006,Chancho
5007,Chancho
5008,Chancho
5009,Chancho
5010,Chancho
5011,Chancho
5012,Chancho
5013,Chancho
5014,Chancho
5015,Chancho
5016,Chancho
5017,Chancho
5018,Chancho
5019,Chancho
5020,Chancho
5021,Chancho
5022,Chancho
5023,Chancho
5024,Chancho
5025,Chancho
5026,Chancho
5027,Chancho
5028,Chancho
5029,Chancho
5030,Chancho
5031,Chancho
5032,Chancho
5033,Chancho
5034,Chancho
5035,Chancho
5036,Chancho
5037,Chancho
5038,Chancho
5039,Chancho
5040,Chancho
5041,Chancho
5042,Chancho
5043,Chancho
5044,Chancho
5045,Chancho
5046,Chancho
5047,Chancho
5048,Chancho
5049,Chancho
5050,Chancho
5051,Chancho
5052,Chancho
5053,Chancho
5054,Chancho
5055,Chancho
5056,Chancho
5057,Chancho
5058,Chancho
5059,Chancho
5060,Chancho
5061,Chancho
5062,Chancho
5063,Chancho
5064,Chancho
5065,Chancho
5066,Chancho
5067,Chancho
5068,Chancho
5069,Chancho
5070,Chancho
5071,Chancho
5072,Chancho
5073,Chancho
5074,Chancho
5075,Chancho
5076,Chancho
5077,Chancho
5078,Chancho
5079,Chancho
5080,Chancho
5081,Chancho
5082,Chancho
5083,Chancho
5084,Chancho
5085,Chancho
5086,Chancho
5087,Chancho
5088,Chancho
5089,Chancho
5090,Chancho
5091,Chancho
5092,Chancho
5093,Chancho
5094,Chancho
5095,Chancho
5096,Chancho
5097,Chancho
5098,Chancho
5099,Chancho
5100,Chancho
5101,Chancho
5102,Chancho
5103,Chancho
5104,Chancho
5105,Chancho
5106,Chancho
5107,Chancho
5108,Chancho
5109,Chancho
5110,Chancho
5111,Chancho
5112,Chancho
5113,Chancho
5114,Chancho
5115,Chancho
5116,Chancho
5117,Chancho
5118,Chancho
5119,Chancho
5120,Chancho
5121,Chancho
5122,Chancho
5123,Chancho
5124,Chancho
5125,Chancho
5126,Chancho
5127,Chancho
5128,Chancho
5129,Chancho
5130,Chancho
5131,Chancho
5132,Chancho
5133,Chancho
5134,Chancho
5135,Chancho
5136,Chancho
5137,Chancho
5138,Chancho
5139,Chancho
5140,Chancho
5141,Chancho
5142,Chancho
5143,Chancho
5144,Chancho
5145,Chancho
5146,Chancho
5147,Chancho
5148,Chancho
5149,Chancho
5150,Chancho
5151,Chancho
5152,Chancho
5153,Chancho
5154,Chancho
5155,Chancho
5156,Chancho
5157,Chancho
5158,Chancho
5159,Chancho
5160,Chancho
5161,Chancho
5162,Chancho
5163,Chancho
5164,Chancho
5165,Chancho
5166,Chancho
5167,Chancho
5168,Chancho
5169,Chancho
5170,Chancho
5171,Chancho
5172,Chancho
5173,Chancho
5174,Chancho
5175,Chancho
5176,Chancho
5177,Chancho
5178,Chancho
5179,Chancho
5180,Chancho
5181,Chancho
5182,Chancho
5183,Chancho
5184,Chancho
5185,Chancho
5186,Chancho
5187,Chancho
5188,Chancho
5189,Chancho
5190,Chancho
5191,Chancho
5192,Chancho
5193,Chancho
5194,Chancho
5195,Chancho
5196,Chancho
5197,Chancho
5198,Chancho
5199,Chancho
5200,Chancho
5201,Chancho
5202,Chancho
5203,Chancho
5204,Chancho
5205,Chancho
5206,Chancho
5207,Chancho
5208,Chancho
5209,Chancho
5210,Chancho
5211,Chancho
5212,Chancho
5213,Chancho
5214,Chancho
5215,Chancho
5216,Chancho
5217,Chancho
5218,Chancho
5219,Chancho
5220,Chancho
5221,Chancho
5222,Chancho
5223,Chancho
5224,Chancho
5225,Chancho
5226,Chancho
5227,Chancho
5228,Chancho
5229,Chancho
5230,Chancho
5231,Chancho
5232,Chancho
5233,Chancho
5234,Chancho
5235,Chancho
5236,Chancho
5237,Chancho
5238,Chancho
5239,Chancho
5240,Chancho
5241,Chancho
5242,Chancho
5243,Chancho
5244,Chancho
5245,Chancho
5246,Chancho
5247,Chancho
5248,Chancho
5249,Chancho
5250,Chancho
5251,Chancho
5252,Chancho
5253,Chancho
5254,Chancho
5255,Chancho
5256,Chancho
5257,Chancho
5258,Chancho
5259,Chancho
5260,Chancho
5261,Chancho
5262,Chancho
5263,Chancho
5264,Chancho
5265,Chancho
5266,Chancho
5267,Chancho
5268,Chancho
5269,Chancho
5270,Chancho
5271,Chancho
5272,Chancho
5273,Chancho
5274,Chancho
5275,Chancho
5276,Chancho
5277,Chancho
5278,Chancho
5279,Chancho
5280,Chancho
5281,Chancho
5282,Chancho
5283,Chancho
5284,Chancho
5285,Chancho
5286,Chancho
5287,Chancho
5288,Chancho
5289,Chancho
5290,Chancho
5291,Chancho
5292,Chancho
5293,Chancho
5294,Chancho
5295,Chancho
5296,Chancho
5297,Chancho
5298,Chancho
5299,Chancho
5300,Chancho
5301,Chancho
5302,Chancho
5303,Chancho
5304,Chancho
5305,Chancho
5306,Chancho
5307,Chancho
5308,Chancho
5309,Chancho
5310,Chancho
5311,Chancho
5312,Chancho
5313,Chancho
5314,Chancho
5315,Chancho
5316,Chancho
5317,Chancho
5318,Chancho
5319,Chancho
5320,Chancho
5321,Chancho
5322,Chancho
5323,Chancho
5324,Chancho
5325,Chancho
5326,Chancho
5327,Chancho
5328,Chancho
5329,Chancho
5330,Chancho
5331,Chancho
5332,Chancho
5333,Chancho
5334,Chancho
5335,Chancho
5336,Chancho
5337,Chancho
5338,Chancho
5339,Chancho
5340,Chancho
5341,Chancho
5342,Chancho
5343,Chancho
5344,Chancho
5345,Chancho
5346,Chancho
5347,Chancho
5348,Chancho
5349,Chancho
5350,Chancho
5351,Chancho
5352,Chancho
5353,Chancho
5354,Chancho
5355,Chancho
5356,Chancho
5357,Chancho
5358,Chancho
5359,Chancho
5360,Chancho
5361,Chancho
5362,Chancho
5363,Chancho
5364,Chancho
5365,Chancho
5366,Chancho
5367,Chancho
5368,Chancho
5369,Chancho
5370,Chancho
5371,Chancho
5372,Chancho
5373,Chancho
5374,Chancho
5375,Chancho
5376,Chancho
5377,Chancho
5378,Chancho
5379,Chancho
5380,Chancho
5381,Chancho
5382,Chancho
5383,Chancho
5384,Chancho
5385,Chancho
5386,Chancho
5387,Chancho
5388,Chancho
5389,Chancho
5390,Chancho
5391,Chancho
5392,Chancho
5393,Chancho
5394,Chancho
5395,Chancho
5396,Chancho
5397,Chancho
5398,Chancho
5399,Chancho
5400,Chancho
5401,Chancho
5402,Chancho
5403,Chancho
5404,Chancho
5405,Chancho
5406,Chancho
5407,Chancho
5408,Chancho
5409,Chancho
5410,Chancho
5411,Chancho
5412,Chancho
5413,Chancho
5414,Chancho
5415,Chancho
5416,Chancho
5417,Chancho
5418,Chancho
5419,Chancho
5420,Chancho
5421,Chancho
5422,Chancho
5423,Chancho
5424,Chancho
5425,Chancho
5426,Chancho
5427,Chancho
5428,Chancho
5429,Chancho
5430,Chancho
5431,Chancho
5432,Chancho
5433,Chancho
5434,Chancho
5435,Chancho
5436,Chancho
5437,Chancho
5438,Chancho
5439,Chancho
5440,Chancho
5441,Chancho
5442,Chancho
5443,Chancho
5444,Chancho
5445,Chancho
5446,Chancho
5447,Chancho
5448,Chancho
5449,Chancho
5450,Chancho
5451,Chancho
5452,Chancho
5453,Chancho
5454,Chancho
5455,Chancho
5456,Chancho
5457,Chancho
5458,Chancho
5459,Chancho
5460,Chancho
5461,Chancho
5462,Chancho
5463,Chancho
5464,Chancho
5465,Chancho
5466,Chancho
5467,Chancho
5468,Chancho
5469,Chancho
5470,Chancho
5471,Chancho
5472,Chancho
5473,Chancho
5474,Chancho
5475,Chancho
5476,Chancho
5477,Chancho
5478,Chancho
5479,Chancho
5480,Chancho
5481,Chancho
5482,Chancho
5483,Chancho
5484,Chancho
5485,Chancho
5486,Chancho
5487,Chancho
5488,Chancho
5489,Chancho
5490,Chancho
5491,Chancho
5492,Chancho
5493,Chancho
5494,Chancho
5495,Chancho
5496,Chancho
5497,Chancho
5498,Chancho
5499,Chancho
5500,Chancho
5501,Chancho
5502,Chancho
5503,Chancho
5504,Chancho
5505,Chancho
5506,Chancho
5507,Chancho
5508,Chancho
5509,Chancho
5510,Chancho
5511,Chancho
5512,Chancho
5513,Chancho
5514,Chancho
5515,Chancho
5516,Chancho
5517,Chancho
5518,Chancho
5519,Chancho
5520,Chancho
5521,Chancho
5522,Chancho
5523,Chancho
5524,Chancho
5525,Chancho
5526,Chancho
5527,Chancho
5528,Chancho
5529,Chancho
5530,Chancho
5531,Chancho
5532,Chancho
5533,Chancho
5534,Chancho
5535,Chancho
5536,Chancho
5537,Chancho
5538,Chancho
5539,Chancho
5540,Chancho
5541,Chancho
5542,Chancho
5543,Chancho
5544,Chancho
5545,Chancho
5546,Chancho
5547,Chancho
5548,Chancho
5549,Chancho
5550,Chancho
5551,Chancho
5552,Chancho
5553,Chancho
5554,Chancho
5555,Chancho
5556,Chancho
5557,Chancho
5558,Chancho
5559,Chancho
5560,Chancho
5561,Chancho
5562,Chancho
5563,Chancho
5564,Chancho
5565,Chancho
5566,Chancho
5567,Chancho
5568,Chancho
5569,Chancho
5570,Chancho
5571,Chancho
5572,Chancho
5573,Chancho
5574,Chancho
5575,Chancho
5576,Chancho
5577,Chancho
5578,Chancho
5579,Chancho
5580,Chancho
5581,Chancho
5582,Chancho
5583,Chancho
5584,Chancho
5585,Chancho
5586,Chancho
5587,Chancho
5588,Chancho
5589,Chancho
5590,Chancho
5591,Chancho
5592,Chancho
5593,Chancho
5594,Chancho
5595,Chancho
5596,Chancho
5597,Chancho
5598,Chancho
5599,Chancho
5600,Chancho
5601,Chancho
5602,Chancho
5603,Chancho
5604,Chancho
5605,Chancho
5606,Chancho
5607,Chancho
5608,Chancho
5609,Chancho
5610,Chancho
5611,Chancho
5612,Chancho
5613,Chancho
5614,Chancho
5615,Chancho
5616,Chancho
5617,Chancho
5618,Chancho
5619,Chancho
5620,Chancho
5621,Chancho
5622,Chancho
5623,Chancho
5624,Chancho
5625,Chancho
5626,Chancho
5627,Chancho
5628,Chancho
5629,Chancho
5630,Chancho
5631,Chancho
5632,Chancho
5633,Chancho
5634,Chancho
5635,Chancho
5636,Chancho
5637,Chancho
5638,Chancho
5639,Chancho
5640,Chancho
5641,Chancho
5642,Chancho
5643,Chancho
5644,Chancho
5645,Chancho
5646,Chancho
5647,Chancho
5648,Chancho
5649,Chancho
5650,Chancho
5651,Chancho
5652,Chancho
5653,Chancho
5654,Chancho
5655,Chancho
5656,Chancho
5657,Chancho
5658,Chancho
5659,Chancho
5660,Chancho
5661,Chancho
5662,Chancho
5663,Chancho
5664,Chancho
5665,Chancho
5666,Chancho
5667,Chancho
5668,Chancho
5669,Chancho
5670,Chancho
5671,Chancho
5672,Chancho
5673,Chancho
5674,Chancho
5675,Chancho
5676,Chancho
5677,Chancho
5678,Chancho
5679,Chancho
5680,Chancho
5681,Chancho
5682,Chancho
5683,Chancho
5684,Chancho
5685,Chancho
5686,Chancho
5687,Chancho
5688,Chancho
5689,Chancho
5690,Chancho
5691,Chancho
5692,Chancho
5693,Chancho
5694,Chancho
5695,Chancho
5696,Chancho
5697,Chancho
5698,Chancho
5699,Chancho
5700,Chancho
5701,Chancho
5702,Chancho
5703,Chancho
5704,Chancho
5705,Chancho
5706,Chancho
5707,Chancho
5708,Chancho
5709,Chancho
5710,Chancho
5711,Chancho
5712,Chancho
5713,Chancho
5714,Chancho
5715,Chancho
5716,Chancho
5717,Chancho
5718,Chancho
5719,Chancho
5720,Chancho
5721,Chancho
5722,Chancho
5723,Chancho
5724,Chancho
5725,Chancho
5726,Chancho
5727,Chancho
5728,Chancho
5729,Chancho
5730,Chancho
5731,Chancho
5732,Chancho
5733,Chancho
5734,Chancho
5735,Chancho
5736,Chancho
5737,Chancho
5738,Chancho
5739,Chancho
5740,Chancho
5741,Chancho
5742,Chancho
5743,Chancho
5744,Chancho
5745,Chancho
5746,Chancho
5747,Chancho
5748,Chancho
5749,Chancho
5750,Chancho
5751,Chancho
5752,Chancho
5753,Chancho
5754,Chancho
5755,Chancho
5756,Chancho
5757,Chancho
5758,Chancho
5759,Chancho
5760,Chancho
5761,Chancho
5762,Chancho
5763,Chancho
5764,Chancho
5765,Chancho
5766,Chancho
5767,Chancho
5768,Chancho
5769,Chancho
5770,Chancho
5771,Chancho
5772,Chancho
5773,Chancho
5774,Chancho
5775,Chancho
5776,Chancho
5777,Chancho
5778,Chancho
5779,Chancho
5780,Chancho
5781,Chancho
5782,Chancho
5783,Chancho
5784,Chancho
5785,Chancho
5786,Chancho
5787,Chancho
5788,Chancho
5789,Chancho
5790,Chancho
5791,Chancho
5792,Chancho
5793,Chancho
5794,Chancho
5795,Chancho
5796,Chancho
5797,Chancho
5798,Chancho
5799,Chancho
5800,Chancho
5801,Chancho
5802,Chancho
5803,Chancho
5804,Chancho
5805,Chancho
5806,Chancho
5807,Chancho
5808,Chancho
5809,Chancho
5810,Chancho
5811,Chancho
5812,Chancho
5813,Chancho
5814,Chancho
5815,Chancho
5816,Chancho
5817,Chancho
5818,Chancho
5819,Chancho
5820,Chancho
5821,Chancho
5822,Chancho
5823,Chancho
5824,Chancho
5825,Chancho
5826,Chancho
5827,Chancho
5828,Chancho
5829,Chancho
5830,Chancho
5831,Chancho
5832,Chancho
5833,Chancho
5834,Chancho
5835,Chancho
5836,Chancho
5837,Chancho
5838,Chancho
5839,Chancho
5840,Chancho
5841,Chancho
5842,Chancho
5843,Chancho
5844,Chancho
5845,Chancho
5846,Chancho
5847,Chancho
5848,Chancho
5849,Chancho
5850,Chancho
5851,Chancho
5852,Chancho
5853,Chancho
5854,Chancho
5855,Chancho
5856,Chancho
5857,Chancho
5858,Chancho
5859,Chancho
5860,Chancho
5861,Chancho
5862,Chancho
5863,Chancho
5864,Chancho
5865,Chancho
5866,Chancho
5867,Chancho
5868,Chancho
5869,Chancho
5870,Chancho
5871,Chancho
5872,Chancho
5873,Chancho
5874,Chancho
5875,Chancho
5876,Chancho
5877,Chancho
5878,Chancho
5879,Chancho
5880,Chancho
5881,Chancho
5882,Chancho
5883,Chancho
5884,Chancho
5885,Chancho
5886,Chancho
5887,Chancho
5888,Chancho
5889,Chancho
5890,Chancho
5891,Chancho
5892,Chancho
5893,Chancho
5894,Chancho
5895,Chancho
5896,Chancho
5897,Chancho
5898,Chancho
5899,Chancho
5900,Chancho
5901,Chancho
5902,Chancho
5903,Chancho
5904,Chancho
5905,Chancho
5906,Chancho
5907,Chancho
5908,Chancho
5909,Chancho
5910,Chancho
5911,Chancho
5912,Chancho
5913,Chancho
5914,Chancho
5915,Chancho
5916,Chancho
5917,Chancho
5918,Chancho
5919,Chancho
5920,Chancho
5921,Chancho
5922,Chancho
5923,Chancho
5924,Chancho
5925,Chancho
5926,Chancho
5927,Chancho
5928,Chancho
5929,Chancho
5930,Chancho
5931,Chancho
5932,Chancho
5933,Chancho
5934,Chancho
5935,Chancho
5936,Chancho
5937,Chancho
5938,Chancho
5939,Chancho
5940,Chancho
5941,Chancho
5942,Chancho
5943,Chancho
5944,Hamster
5945,Hamster
5946,Hamster
5947,Hamster
5948,Hamster
5949,Hamster
5950,Hamster
5951,Hamster
5952,Hamster
5953,Hamster
5954,Hamster
5955,Hamster
5956,Hamster
5957,Hamster
5958,Hamster
5959,Hamster
5960,Hamster
5961,Hamster
5962,Hamster
5963,Hamster
5964,Hamster
5965,Hamster
5966,Hamster
5967,Hamster
5968,Hamster
5969,Hamster
5970,Hamster
5971,Hamster
5972,Hamster
5973,Hamster
5974,Hamster
5975,Hamster
5976,Hamster
5977,Hamster
5978,Hamster
5979,Hamster
5980,Hamster
5981,Hamster
5982,Hamster
5983,Hamster
5984,Hamster
5985,Hamster
5986,Hamster
5987,Hamster
5988,Hamster
5989,Hamster
5990,Hamster
5991,Hamster
5992,Hamster
5993,Hamster
5994,Hamster
5995,Hamster
5996,Hamster
5997,Hamster
5998,Hamster
5999,Hamster
6000,Hamster
6001,Hamster
6002,Hamster
6003,Hamster
6004,Hamster
6005,Hamster
6006,Hamster
6007,Hamster
6008,Hamster
6009,Hamster
6010,Hamster
6011,Hamster
6012,Hamster
6013,Hamster
6014,Hamster
6015,Hamster
6016,Hamster
6017,Hamster
6018,Hamster
6019,Hamster
6020,Hamster
6021,Hamster
6022,Hamster
6023,Hamster
6024,Hamster
6025,Hamster
6026,Hamster
6027,Hamster
6028,Hamster
6029,Hamster
6030,Hamster
6031,Hamster
6032,Hamster
6033,Hamster
6034,Hamster
6035,Hamster
6036,Hamster
6037,Hamster
6038,Hamster
6039,Hamster
6040,Hamster
6041,Hamster
6042,Hamster
6043,Hamster
6044,Hamster
6045,Hamster
6046,Hamster
6047,Hamster
6048,Hamster
6049,Hamster
6050,Hamster
6051,Hamster
6052,Hamster
6053,Hamster
6054,Hamster
6055,Hamster
6056,Hamster
6057,Hamster
6058,Hamster
6059,Hamster
6060,Hamster
6061,Hamster
6062,Hamster
6063,Hamster
6064,Hamster
6065,Hamster
6066,Hamster
6067,Hamster
6068,Hamster
6069,Hamster
6070,Hamster
6071,Hamster
6072,Hamster
6073,Hamster
6074,Hamster
6075,Hamster
6076,Hamster
6077,Hamster
6078,Hamster
6079,Hamster
6080,Hamster
6081,Hamster
6082,Hamster
6083,Hamster
6084,Hamster
6085,Hamster
6086,Hamster
6087,Hamster
6088,Hamster
6089,Hamster
6090,Hamster
6091,Hamster
6092,Hamster
6093,Hamster
6094,Hamster
6095,Hamster
6096,Hamster
6097,Hamster
6098,Hamster
6099,Hamster
6100,Hamster
6101,Hamster
6102,Hamster
6103,Hamster
6104,Hamster
6105,Hamster
6106,Hamster
6107,Hamster
6108,Hamster
6109,Hamster
6110,Hamster
6111,Hamster
6112,Hamster
6113,Hamster
6114,Hamster
6115,Hamster
6116,Hamster
6117,Hamster
6118,Hamster
6119,Hamster
6120,Hamster
6121,Hamster
6122,Hamster
6123,Hamster
6124,Hamster
6125,Hamster
6126,Hamster
6127,Hamster
6128,Hamster
6129,Hamster
6130,Hamster
6131,Hamster
6132,Hamster
6133,Hamster
6134,Hamster
6135,Hamster
6136,Hamster
6137,Hamster
6138,Hamster
6139,Hamster
6140,Hamster
6141,Hamster
6142,Hamster
6143,Hamster
6144,Hamster
6145,Hamster
6146,Hamster
6147,Hamster
6148,Hamster
6149,Hamster
6150,Hamster
6151,Hamster
6152,Hamster
6153,Hamster
6154,Hamster
6155,Hamster
6156,Hamster
6157,Hamster
6158,Hamster
6159,Hamster
6160,Hamster
6161,Hamster
6162,Hamster
6163,Hamster
6164,Hamster
6165,Hamster
6166,Hamster
6167,Hamster
6168,Hamster
6169,Hamster
6170,Hamster
6171,Hamster
6172,Hamster
6173,Hamster
6174,Hamster
6175,Hamster
6176,Hamster
6177,Hamster
6178,Hamster
6179,Hamster
6180,Hamster
6181,Hamster
6182,Hamster
6183,Hamster
6184,Hamster
6185,Hamster
6186,Hamster
6187,Hamster
6188,Hamster
6189,Hamster
6190,Hamster
6191,Hamster
6192,Hamster
6193,Hamster
6194,Hamster
6195,Hamster
6196,Hamster
6197,Hamster
6198,Hamster
6199,Hamster
6200,Hamster
6201,Hamster
6202,Hamster
6203,Hamster
6204,Hamster
6205,Hamster
6206,Hamster
6207,Hamster
6208,Hamster
6209,Hamster
6210,Hamster
6211,Hamster
6212,Hamster
6213,Hamster
6214,Hamster
6215,Hamster
6216,Hamster
6217,Hamster
6218,Hamster
6219,Hamster
6220,Hamster
6221,Hamster
6222,Hamster
6223,Hamster
6224,Hamster
6225,Hamster
6226,Hamster
6227,Hamster
6228,Hamster
6229,Hamster
6230,Hamster
6231,Hamster
6232,Hamster
6233,Hamster
6234,Hamster
6235,Hamster
6236,Hamster
6237,Hamster
6238,Hamster
6239,Hamster
6240,Hamster
6241,Hamster
6242,Hamster
6243,Hamster
6244,Hamster
6245,Hamster
6246,Hamster
6247,Hamster
6248,Hamster
6249,Hamster
6250,Hamster
6251,Hamster
6252,Hamster
6253,Hamster
6254,Hamster
6255,Hamster
6256,Hamster
6257,Hamster
6258,Hamster
6259,Hamster
6260,Hamster
6261,Hamster
6262,Hamster
6263,Hamster
6264,Hamster
6265,Hamster
6266,Hamster
6267,Hamster
6268,Hamster
6269,Hamster
6270,Hamster
6271,Hamster
6272,Hamster
6273,Hamster
6274,Hamster
6275,Hamster
6276,Hamster
6277,Hamster
6278,Hamster
6279,Hamster
6280,Hamster
6281,Hamster
6282,Hamster
6283,Hamster
6284,Hamster
6285,Hamster
6286,Hamster
6287,Hamster
6288,Hamster
6289,Hamster
6290,Hamster
6291,Hamster
6292,Hamster
6293,Hamster
6294,Hamster
6295,Hamster
6296,Hamster
6297,Hamster
6298,Hamster
6299,Hamster
6300,Hamster
6301,Hamster
6302,Hamster
6303,Hamster
6304,Hamster
6305,Hamster
6306,Hamster
6307,Hamster
6308,Hamster
6309,Hamster
6310,Hamster
6311,Hamster
6312,Hamster
6313,Hamster
6314,Hamster
6315,Hamster
6316,Hamster
6317,Hamster
6318,Hamster
6319,Hamster
6320,Hamster
6321,Hamster
6322,Hamster
6323,Hamster
6324,Hamster
6325,Hamster
6326,Hamster
6327,Hamster
6328,Hamster
6329,Hamster
6330,Hamster
6331,Hamster
6332,Hamster
6333,Hamster
6334,Hamster
6335,Hamster
6336,Hamster
6337,Hamster
6338,Hamster
6339,Hamster
6340,Hamster
6341,Hamster
6342,Hamster
6343,Hamster
6344,Hamster
6345,Hamster
6346,Hamster
6347,Hamster
6348,Hamster
6349,Hamster
6350,Hamster
6351,Hamster
6352,Hamster
6353,Hamster
6354,Hamster
6355,Hamster
6356,Hamster
6357,Hamster
6358,Hamster
6359,Hamster
6360,Hamster
6361,Hamster
6362,Hamster
6363,Hamster
6364,Hamster
6365,Hamster
6366,Hamster
6367,Hamster
6368,Hamster
6369,Hamster
6370,Hamster
6371,Hamster
6372,Hamster
6373,Hamster
6374,Hamster
6375,Hamster
6376,Hamster
6377,Hamster
6378,Hamster
6379,Hamster
6380,Hamster
6381,Hamster
6382,Hamster
6383,Hamster
6384,Hamster
6385,Hamster
6386,Hamster
6387,Hamster
6388,Hamster
6389,Hamster
6390,Hamster
6391,Hamster
6392,Hamster
6393,Hamster
6394,Hamster
6395,Hamster
6396,Hamster
6397,Hamster
6398,Hamster
6399,Hamster
6400,Hamster
6401,Hamster
6402,Hamster
6403,Hamster
6404,Hamster
6405,Hamster
6406,Hamster
6407,Hamster
6408,Hamster
6409,Hamster
6410,Hamster
6411,Hamster
6412,Hamster
6413,Hamster
6414,Hamster
6415,Hamster
6416,Hamster
6417,Hamster
6418,Hamster
6419,Hamster
6420,Hamster
6421,Hamster
6422,Hamster
6423,Hamster
6424,Hamster
6425,Hamster
6426,Hamster
6427,Hamster
6428,Hamster
6429,Hamster
6430,Hamster
6431,Hamster
6432,Hamster
6433,Hamster
6434,Hamster
6435,Hamster
6436,Hamster
6437,Hamster
6438,Hamster
6439,Hamster
6440,Hamster
6441,Hamster
6442,Hamster
6443,Hamster
6444,Hamster
6445,Hamster
6446,Hamster
6447,Hamster
6448,Hamster
6449,Hamster
6450,Hamster
6451,Hamster
6452,Hamster
6453,Hamster
6454,Hamster
6455,Hamster
6456,Hamster
6457,Hamster
6458,Hamster
6459,Hamster
6460,Hamster
6461,Hamster
6462,Hamster
6463,Hamster
6464,Hamster
6465,Hamster
6466,Hamster
6467,Hamster
6468,Hamster
6469,Hamster
6470,Hamster
6471,Hamster
6472,Hamster
6473,Hamster
6474,Hamster
6475,Hamster
6476,Hamster
6477,Hamster
6478,Hamster
6479,Hamster
6480,Hamster
6481,Hamster
6482,Hamster
6483,Hamster
6484,Hamster
6485,Hamster
6486,Hamster
6487,Hamster
6488,Hamster
6489,Hamster
6490,Hamster
6491,Hamster
6492,Hamster
6493,Hamster
6494,Hamster
6495,Hamster
6496,Hamster
6497,Hamster
6498,Hamster
6499,Hamster
6500,Hamster
6501,Hamster
6502,Hamster
6503,Hamster
6504,Hamster
6505,Hamster
6506,Hamster
6507,Hamster
6508,Hamster
6509,Hamster
6510,Hamster
6511,Hamster
6512,Hamster
6513,Hamster
6514,Hamster
6515,Hamster
6516,Hamster
6517,Hamster
6518,Hamster
6519,Hamster
6520,Hamster
6521,Hamster
6522,Hamster
6523,Hamster
6524,Hamster
6525,Hamster
6526,Hamster
6527,Hamster
6528,Hamster
6529,Hamster
6530,Hamster
6531,Hamster
6532,Hamster
6533,Hamster
6534,Hamster
6535,Hamster
6536,Hamster
6537,Hamster
6538,Hamster
6539,Hamster
6540,Hamster
6541,Hamster
6542,Hamster
6543,Hamster
6544,Hamster
6545,Hamster
6546,Hamster
6547,Hamster
6548,Hamster
6549,Hamster
6550,Hamster
6551,Hamster
6552,Hamster
6553,Hamster
6554,Hamster
6555,Hamster
6556,Hamster
6557,Hamster
6558,Hamster
6559,Hamster
6560,Hamster
6561,Hamster
6562,Hamster
6563,Hamster
6564,Hamster
6565,Hamster
6566,Hamster
6567,Hamster
6568,Hamster
6569,Hamster
6570,Hamster
6571,Hamster
6572,Hamster
6573,Hamster
6574,Hamster
6575,Hamster
6576,Hamster
6577,Hamster
6578,Hamster
6579,Hamster
6580,Hamster
6581,Hamster
6582,Hamster
6583,Hamster
6584,Hamster
6585,Hamster
6586,Hamster
6587,Hamster
6588,Hamster
6589,Hamster
6590,Hamster
6591,Hamster
6592,Hamster
6593,Hamster
6594,Hamster
6595,Hamster
6596,Hamster
6597,Hamster
6598,Hamster
6599,Hamster
6600,Hamster
6601,Hamster
6602,Hamster
6603,Hamster
6604,Hamster
6605,Hamster
6606,Hamster
6607,Hamster
6608,Hamster
6609,Hamster
6610,Hamster
6611,Hamster
6612,Hamster
6613,Hamster
6614,Hamster
6615,Hamster
6616,Hamster
6617,Hamster
6618,Hamster
6619,Hamster
6620,Hamster
6621,Hamster
6622,Hamster
6623,Hamster
6624,Hamster
6625,Hamster
6626,Hamster
6627,Hamster
6628,Hamster
6629,Hamster
6630,Hamster
6631,Hamster
6632,Hamster
6633,Hamster
6634,Hamster
6635,Hamster
6636,Hamster
6637,Hamster
6638,Hamster
6639,Hamster
6640,Hamster
6641,Hamster
6642,Hamster
6643,Hamster
6644,Hamster
6645,Hamster
6646,Hamster
6647,Hamster
6648,Hamster
6649,Hamster
6650,Hamster
6651,Hamster
6652,Hamster
6653,Hamster
6654,Hamster
6655,Hamster
6656,Hamster
6657,Hamster
6658,Hamster
6659,Hamster
6660,Hamster
6661,Hamster
6662,Hamster
6663,Hamster
6664,Hamster
6665,Hamster
6666,Hamster
6667,Hamster
6668,Hamster
6669,Hamster
6670,Hamster
6671,Hamster
6672,Hamster
6673,Hamster
6674,Hamster
6675,Hamster
6676,Hamster
6677,Hamster
6678,Hamster
6679,Hamster
6680,Hamster
6681,Hamster
6682,Hamster
6683,Hamster
6684,Hamster
6685,Hamster
6686,Hamster
6687,Hamster
6688,Hamster
6689,Hamster
6690,Hamster
6691,Hamster
6692,Hamster
6693,Hamster
6694,Hamster
6695,Hamster
6696,Hamster
6697,Hamster
6698,Hamster
6699,Hamster
6700,Hamster
6701,Hamster
6702,Hamster
6703,Hamster
6704,Hamster
6705,Hamster
6706,Hamster
6707,Hamster
6708,Hamster
6709,Hamster
6710,Hamster
6711,Hamster
6712,Hamster
6713,Hamster
6714,Hamster
6715,Hamster
6716,Hamster
6717,Hamster
6718,Hamster
6719,Hamster
6720,Hamster
6721,Hamster
6722,Hamster
6723,Hamster
6724,Hamster
6725,Hamster
6726,Hamster
6727,Hamster
6728,Hamster
6729,Hamster
6730,Hamster
6731,Hamster
6732,Hamster
6733,Hamster
6734,Hamster
6735,Hamster
6736,Hamster
6737,Hamster
6738,Hamster
6739,Hamster
6740,Hamster
6741,Hamster
6742,Hamster
6743,Hamster
6744,Hamster
6745,Hamster
6746,Araa
6747,Araa
6748,Araa
6749,Araa
6750,Araa
6751,Araa
6752,Araa
6753,Araa
6754,Araa
6755,Araa
6756,Araa
6757,Araa
6758,Araa
6759,Araa
6760,Araa
6761,Araa
6762,Araa
6763,Araa
6764,Araa
6765,Araa
